,trial,choice,reward,cumulative_reward,model_id
0,1,0,1,1,83811
1,2,1,0,1,83811
2,3,0,1,2,83811
3,4,1,1,3,83811
4,5,0,1,4,83811
5,6,0,1,5,83811
6,7,0,1,6,83811
7,8,1,0,6,83811
8,9,0,1,7,83811
9,10,0,0,7,83811
10,11,0,1,8,83811
11,12,1,1,9,83811
12,13,0,1,10,83811
13,14,1,0,10,83811
14,15,0,1,11,83811
15,16,1,0,11,83811
16,17,0,1,12,83811
17,18,1,0,12,83811
18,19,0,1,13,83811
19,20,0,1,14,83811
20,21,0,1,15,83811
21,22,0,1,16,83811
22,23,0,1,17,83811
23,24,0,1,18,83811
24,25,0,1,19,83811
25,26,0,1,20,83811
26,27,0,1,21,83811
27,28,0,1,22,83811
28,29,1,0,22,83811
29,30,0,1,23,83811
30,31,0,1,24,83811
31,32,0,1,25,83811
32,33,0,1,26,83811
33,34,0,1,27,83811
34,35,0,1,28,83811
35,36,0,1,29,83811
36,37,0,1,30,83811
37,38,0,1,31,83811
38,39,0,1,32,83811
39,40,0,1,33,83811
40,41,0,1,34,83811
41,42,0,1,35,83811
42,43,0,1,36,83811
43,44,0,1,37,83811
44,45,0,1,38,83811
45,46,0,1,39,83811
46,47,0,1,40,83811
47,48,0,1,41,83811
48,49,0,1,42,83811
49,50,0,1,43,83811
50,51,1,1,44,83811
51,52,0,1,45,83811
52,53,0,0,45,83811
53,54,0,0,45,83811
54,55,1,1,46,83811
55,56,0,0,46,83811
56,57,1,1,47,83811
57,58,1,1,48,83811
58,59,0,0,48,83811
59,60,1,1,49,83811
60,61,1,1,50,83811
61,62,1,1,51,83811
62,63,1,1,52,83811
63,64,0,0,52,83811
64,65,1,1,53,83811
65,66,1,1,54,83811
66,67,1,1,55,83811
67,68,1,1,56,83811
68,69,1,1,57,83811
69,70,1,1,58,83811
70,71,1,1,59,83811
71,72,1,1,60,83811
72,73,1,1,61,83811
73,74,1,1,62,83811
74,75,1,1,63,83811
75,76,1,1,64,83811
76,77,1,1,65,83811
77,78,1,1,66,83811
78,79,1,1,67,83811
79,80,1,1,68,83811
80,81,1,1,69,83811
81,82,1,1,70,83811
82,83,1,1,71,83811
83,84,1,1,72,83811
84,85,1,1,73,83811
85,86,1,1,74,83811
86,87,0,0,74,83811
87,88,1,1,75,83811
88,89,1,0,75,83811
89,90,1,1,76,83811
90,91,1,1,77,83811
91,92,1,1,78,83811
92,93,1,1,79,83811
93,94,1,1,80,83811
94,95,1,1,81,83811
95,96,1,1,82,83811
96,97,1,1,83,83811
97,98,1,1,84,83811
98,99,1,1,85,83811
99,100,1,1,86,83811
100,1,0,1,1,14593
101,2,0,1,2,14593
102,3,0,1,3,14593
103,4,0,0,3,14593
104,5,1,1,4,14593
105,6,0,1,5,14593
106,7,0,1,6,14593
107,8,0,1,7,14593
108,9,0,1,8,14593
109,10,0,0,8,14593
110,11,1,1,9,14593
111,12,1,1,10,14593
112,13,0,1,11,14593
113,14,1,0,11,14593
114,15,0,1,12,14593
115,16,0,1,13,14593
116,17,0,1,14,14593
117,18,0,1,15,14593
118,19,0,1,16,14593
119,20,1,0,16,14593
120,21,0,1,17,14593
121,22,0,1,18,14593
122,23,0,1,19,14593
123,24,0,1,20,14593
124,25,0,1,21,14593
125,26,0,1,22,14593
126,27,0,1,23,14593
127,28,1,0,23,14593
128,29,0,1,24,14593
129,30,0,1,25,14593
130,31,0,1,26,14593
131,32,0,1,27,14593
132,33,0,1,28,14593
133,34,0,1,29,14593
134,35,0,1,30,14593
135,36,0,1,31,14593
136,37,0,1,32,14593
137,38,0,1,33,14593
138,39,0,1,34,14593
139,40,0,1,35,14593
140,41,0,1,36,14593
141,42,0,1,37,14593
142,43,0,1,38,14593
143,44,0,1,39,14593
144,45,0,1,40,14593
145,46,0,1,41,14593
146,47,0,1,42,14593
147,48,0,1,43,14593
148,49,0,1,44,14593
149,50,0,1,45,14593
150,51,1,1,46,14593
151,52,0,1,47,14593
152,53,0,0,47,14593
153,54,0,0,47,14593
154,55,0,0,47,14593
155,56,1,1,48,14593
156,57,1,1,49,14593
157,58,0,0,49,14593
158,59,1,1,50,14593
159,60,1,1,51,14593
160,61,1,1,52,14593
161,62,0,0,52,14593
162,63,1,1,53,14593
163,64,1,1,54,14593
164,65,1,1,55,14593
165,66,1,1,56,14593
166,67,0,0,56,14593
167,68,1,1,57,14593
168,69,1,1,58,14593
169,70,1,1,59,14593
170,71,1,1,60,14593
171,72,1,1,61,14593
172,73,1,1,62,14593
173,74,1,1,63,14593
174,75,1,1,64,14593
175,76,1,1,65,14593
176,77,1,1,66,14593
177,78,1,1,67,14593
178,79,1,1,68,14593
179,80,1,1,69,14593
180,81,1,1,70,14593
181,82,1,1,71,14593
182,83,1,1,72,14593
183,84,1,1,73,14593
184,85,1,1,74,14593
185,86,1,1,75,14593
186,87,1,1,76,14593
187,88,1,1,77,14593
188,89,1,0,77,14593
189,90,0,1,78,14593
190,91,1,1,79,14593
191,92,0,0,79,14593
192,93,1,1,80,14593
193,94,1,1,81,14593
194,95,0,0,81,14593
195,96,1,1,82,14593
196,97,1,1,83,14593
197,98,1,1,84,14593
198,99,1,1,85,14593
199,100,1,1,86,14593
200,1,0,1,1,3279
201,2,0,1,2,3279
202,3,0,1,3,3279
203,4,0,0,3,3279
204,5,0,1,4,3279
205,6,0,1,5,3279
206,7,0,1,6,3279
207,8,1,0,6,3279
208,9,0,1,7,3279
209,10,0,0,7,3279
210,11,0,1,8,3279
211,12,1,1,9,3279
212,13,0,1,10,3279
213,14,0,1,11,3279
214,15,0,1,12,3279
215,16,0,1,13,3279
216,17,0,1,14,3279
217,18,0,1,15,3279
218,19,0,1,16,3279
219,20,0,1,17,3279
220,21,0,1,18,3279
221,22,0,1,19,3279
222,23,1,0,19,3279
223,24,0,1,20,3279
224,25,0,1,21,3279
225,26,0,1,22,3279
226,27,0,1,23,3279
227,28,0,1,24,3279
228,29,0,1,25,3279
229,30,0,1,26,3279
230,31,0,1,27,3279
231,32,0,1,28,3279
232,33,0,1,29,3279
233,34,0,1,30,3279
234,35,0,1,31,3279
235,36,0,1,32,3279
236,37,0,1,33,3279
237,38,0,1,34,3279
238,39,0,1,35,3279
239,40,0,1,36,3279
240,41,0,1,37,3279
241,42,0,1,38,3279
242,43,0,1,39,3279
243,44,0,1,40,3279
244,45,0,1,41,3279
245,46,0,1,42,3279
246,47,0,1,43,3279
247,48,0,1,44,3279
248,49,0,1,45,3279
249,50,0,1,46,3279
250,51,0,1,47,3279
251,52,0,1,48,3279
252,53,0,0,48,3279
253,54,0,0,48,3279
254,55,0,0,48,3279
255,56,1,1,49,3279
256,57,1,1,50,3279
257,58,1,1,51,3279
258,59,0,0,51,3279
259,60,1,1,52,3279
260,61,1,1,53,3279
261,62,0,0,53,3279
262,63,0,1,54,3279
263,64,1,1,55,3279
264,65,0,0,55,3279
265,66,1,1,56,3279
266,67,1,1,57,3279
267,68,1,1,58,3279
268,69,1,1,59,3279
269,70,1,1,60,3279
270,71,1,1,61,3279
271,72,1,1,62,3279
272,73,1,1,63,3279
273,74,1,1,64,3279
274,75,1,1,65,3279
275,76,1,1,66,3279
276,77,1,1,67,3279
277,78,1,1,68,3279
278,79,1,1,69,3279
279,80,1,1,70,3279
280,81,1,1,71,3279
281,82,0,0,71,3279
282,83,1,1,72,3279
283,84,1,1,73,3279
284,85,1,1,74,3279
285,86,1,1,75,3279
286,87,1,1,76,3279
287,88,1,1,77,3279
288,89,1,0,77,3279
289,90,1,1,78,3279
290,91,1,1,79,3279
291,92,1,1,80,3279
292,93,1,1,81,3279
293,94,1,1,82,3279
294,95,1,1,83,3279
295,96,1,1,84,3279
296,97,1,1,85,3279
297,98,1,1,86,3279
298,99,1,1,87,3279
299,100,1,1,88,3279
300,1,1,1,1,97197
301,2,1,0,1,97197
302,3,1,0,1,97197
303,4,0,0,1,97197
304,5,0,1,2,97197
305,6,0,1,3,97197
306,7,1,1,4,97197
307,8,0,1,5,97197
308,9,0,1,6,97197
309,10,0,0,6,97197
310,11,1,1,7,97197
311,12,1,1,8,97197
312,13,1,0,8,97197
313,14,1,0,8,97197
314,15,0,1,9,97197
315,16,0,1,10,97197
316,17,0,1,11,97197
317,18,0,1,12,97197
318,19,0,1,13,97197
319,20,0,1,14,97197
320,21,1,0,14,97197
321,22,0,1,15,97197
322,23,0,1,16,97197
323,24,0,1,17,97197
324,25,0,1,18,97197
325,26,0,1,19,97197
326,27,0,1,20,97197
327,28,0,1,21,97197
328,29,0,1,22,97197
329,30,0,1,23,97197
330,31,0,1,24,97197
331,32,0,1,25,97197
332,33,0,1,26,97197
333,34,0,1,27,97197
334,35,0,1,28,97197
335,36,0,1,29,97197
336,37,0,1,30,97197
337,38,0,1,31,97197
338,39,0,1,32,97197
339,40,0,1,33,97197
340,41,0,1,34,97197
341,42,0,1,35,97197
342,43,0,1,36,97197
343,44,0,1,37,97197
344,45,0,1,38,97197
345,46,0,1,39,97197
346,47,0,1,40,97197
347,48,0,1,41,97197
348,49,0,1,42,97197
349,50,0,1,43,97197
350,51,0,1,44,97197
351,52,0,1,45,97197
352,53,0,0,45,97197
353,54,0,0,45,97197
354,55,0,0,45,97197
355,56,1,1,46,97197
356,57,1,1,47,97197
357,58,1,1,48,97197
358,59,1,1,49,97197
359,60,0,1,50,97197
360,61,0,0,50,97197
361,62,0,0,50,97197
362,63,1,1,51,97197
363,64,1,1,52,97197
364,65,1,1,53,97197
365,66,0,0,53,97197
366,67,1,1,54,97197
367,68,1,1,55,97197
368,69,0,0,55,97197
369,70,1,1,56,97197
370,71,1,1,57,97197
371,72,1,1,58,97197
372,73,1,1,59,97197
373,74,0,0,59,97197
374,75,1,1,60,97197
375,76,1,1,61,97197
376,77,1,1,62,97197
377,78,1,1,63,97197
378,79,1,1,64,97197
379,80,1,1,65,97197
380,81,1,1,66,97197
381,82,1,1,67,97197
382,83,1,1,68,97197
383,84,1,1,69,97197
384,85,1,1,70,97197
385,86,1,1,71,97197
386,87,1,1,72,97197
387,88,1,1,73,97197
388,89,1,0,73,97197
389,90,1,1,74,97197
390,91,1,1,75,97197
391,92,1,1,76,97197
392,93,1,1,77,97197
393,94,1,1,78,97197
394,95,1,1,79,97197
395,96,1,1,80,97197
396,97,1,1,81,97197
397,98,1,1,82,97197
398,99,1,1,83,97197
399,100,1,1,84,97197
400,1,0,1,1,36049
401,2,0,1,2,36049
402,3,0,1,3,36049
403,4,0,0,3,36049
404,5,1,1,4,36049
405,6,0,1,5,36049
406,7,1,1,6,36049
407,8,0,1,7,36049
408,9,0,1,8,36049
409,10,1,1,9,36049
410,11,0,1,10,36049
411,12,0,1,11,36049
412,13,1,0,11,36049
413,14,0,1,12,36049
414,15,0,1,13,36049
415,16,0,1,14,36049
416,17,0,1,15,36049
417,18,0,1,16,36049
418,19,1,0,16,36049
419,20,0,1,17,36049
420,21,0,1,18,36049
421,22,0,1,19,36049
422,23,1,0,19,36049
423,24,0,1,20,36049
424,25,0,1,21,36049
425,26,0,1,22,36049
426,27,0,1,23,36049
427,28,0,1,24,36049
428,29,0,1,25,36049
429,30,0,1,26,36049
430,31,0,1,27,36049
431,32,0,1,28,36049
432,33,0,1,29,36049
433,34,0,1,30,36049
434,35,0,1,31,36049
435,36,0,1,32,36049
436,37,0,1,33,36049
437,38,1,0,33,36049
438,39,0,1,34,36049
439,40,0,1,35,36049
440,41,0,1,36,36049
441,42,1,0,36,36049
442,43,0,1,37,36049
443,44,0,1,38,36049
444,45,0,1,39,36049
445,46,0,1,40,36049
446,47,0,1,41,36049
447,48,0,1,42,36049
448,49,0,1,43,36049
449,50,0,1,44,36049
450,51,0,1,45,36049
451,52,0,1,46,36049
452,53,0,0,46,36049
453,54,0,0,46,36049
454,55,0,0,46,36049
455,56,0,0,46,36049
456,57,0,0,46,36049
457,58,1,1,47,36049
458,59,0,0,47,36049
459,60,1,1,48,36049
460,61,1,1,49,36049
461,62,1,1,50,36049
462,63,1,1,51,36049
463,64,1,1,52,36049
464,65,1,1,53,36049
465,66,1,1,54,36049
466,67,1,1,55,36049
467,68,1,1,56,36049
468,69,1,1,57,36049
469,70,1,1,58,36049
470,71,1,1,59,36049
471,72,1,1,60,36049
472,73,1,1,61,36049
473,74,1,1,62,36049
474,75,1,1,63,36049
475,76,1,1,64,36049
476,77,1,1,65,36049
477,78,1,1,66,36049
478,79,0,0,66,36049
479,80,1,1,67,36049
480,81,1,1,68,36049
481,82,1,1,69,36049
482,83,1,1,70,36049
483,84,1,1,71,36049
484,85,1,1,72,36049
485,86,1,1,73,36049
486,87,1,1,74,36049
487,88,1,1,75,36049
488,89,1,0,75,36049
489,90,1,1,76,36049
490,91,1,1,77,36049
491,92,1,1,78,36049
492,93,1,1,79,36049
493,94,1,1,80,36049
494,95,1,1,81,36049
495,96,1,1,82,36049
496,97,1,1,83,36049
497,98,1,1,84,36049
498,99,1,1,85,36049
499,100,1,1,86,36049
500,1,1,1,1,32099
501,2,0,1,2,32099
502,3,1,0,2,32099
503,4,0,0,2,32099
504,5,0,1,3,32099
505,6,0,1,4,32099
506,7,0,1,5,32099
507,8,0,1,6,32099
508,9,1,0,6,32099
509,10,0,0,6,32099
510,11,1,1,7,32099
511,12,0,1,8,32099
512,13,0,1,9,32099
513,14,0,1,10,32099
514,15,1,1,11,32099
515,16,0,1,12,32099
516,17,0,1,13,32099
517,18,0,1,14,32099
518,19,0,1,15,32099
519,20,0,1,16,32099
520,21,0,1,17,32099
521,22,1,0,17,32099
522,23,0,1,18,32099
523,24,0,1,19,32099
524,25,0,1,20,32099
525,26,0,1,21,32099
526,27,0,1,22,32099
527,28,0,1,23,32099
528,29,0,1,24,32099
529,30,0,1,25,32099
530,31,0,1,26,32099
531,32,0,1,27,32099
532,33,0,1,28,32099
533,34,0,1,29,32099
534,35,0,1,30,32099
535,36,0,1,31,32099
536,37,0,1,32,32099
537,38,0,1,33,32099
538,39,0,1,34,32099
539,40,0,1,35,32099
540,41,0,1,36,32099
541,42,0,1,37,32099
542,43,0,1,38,32099
543,44,0,1,39,32099
544,45,0,1,40,32099
545,46,0,1,41,32099
546,47,0,1,42,32099
547,48,0,1,43,32099
548,49,0,1,44,32099
549,50,0,1,45,32099
550,51,0,1,46,32099
551,52,0,1,47,32099
552,53,0,0,47,32099
553,54,1,1,48,32099
554,55,0,0,48,32099
555,56,0,0,48,32099
556,57,0,0,48,32099
557,58,1,1,49,32099
558,59,1,1,50,32099
559,60,1,1,51,32099
560,61,1,1,52,32099
561,62,1,1,53,32099
562,63,1,1,54,32099
563,64,1,1,55,32099
564,65,1,1,56,32099
565,66,1,1,57,32099
566,67,1,1,58,32099
567,68,1,1,59,32099
568,69,1,1,60,32099
569,70,1,1,61,32099
570,71,1,1,62,32099
571,72,1,1,63,32099
572,73,1,1,64,32099
573,74,1,1,65,32099
574,75,1,1,66,32099
575,76,1,1,67,32099
576,77,1,1,68,32099
577,78,1,1,69,32099
578,79,1,1,70,32099
579,80,1,1,71,32099
580,81,1,1,72,32099
581,82,1,1,73,32099
582,83,1,1,74,32099
583,84,1,1,75,32099
584,85,1,1,76,32099
585,86,1,1,77,32099
586,87,1,1,78,32099
587,88,1,1,79,32099
588,89,1,0,79,32099
589,90,1,1,80,32099
590,91,1,1,81,32099
591,92,1,1,82,32099
592,93,1,1,83,32099
593,94,1,1,84,32099
594,95,1,1,85,32099
595,96,1,1,86,32099
596,97,1,1,87,32099
597,98,1,1,88,32099
598,99,1,1,89,32099
599,100,1,1,90,32099
600,1,1,1,1,29257
601,2,0,1,2,29257
602,3,0,1,3,29257
603,4,0,0,3,29257
604,5,0,1,4,29257
605,6,0,1,5,29257
606,7,1,1,6,29257
607,8,1,0,6,29257
608,9,0,1,7,29257
609,10,0,0,7,29257
610,11,0,1,8,29257
611,12,0,1,9,29257
612,13,0,1,10,29257
613,14,1,0,10,29257
614,15,0,1,11,29257
615,16,0,1,12,29257
616,17,0,1,13,29257
617,18,1,0,13,29257
618,19,0,1,14,29257
619,20,0,1,15,29257
620,21,0,1,16,29257
621,22,0,1,17,29257
622,23,0,1,18,29257
623,24,0,1,19,29257
624,25,0,1,20,29257
625,26,0,1,21,29257
626,27,0,1,22,29257
627,28,0,1,23,29257
628,29,0,1,24,29257
629,30,0,1,25,29257
630,31,0,1,26,29257
631,32,0,1,27,29257
632,33,0,1,28,29257
633,34,0,1,29,29257
634,35,0,1,30,29257
635,36,0,1,31,29257
636,37,0,1,32,29257
637,38,0,1,33,29257
638,39,0,1,34,29257
639,40,0,1,35,29257
640,41,0,1,36,29257
641,42,0,1,37,29257
642,43,1,1,38,29257
643,44,0,1,39,29257
644,45,0,1,40,29257
645,46,1,0,40,29257
646,47,0,1,41,29257
647,48,0,1,42,29257
648,49,0,1,43,29257
649,50,0,1,44,29257
650,51,0,1,45,29257
651,52,0,1,46,29257
652,53,0,0,46,29257
653,54,0,0,46,29257
654,55,1,1,47,29257
655,56,0,0,47,29257
656,57,0,0,47,29257
657,58,0,0,47,29257
658,59,1,1,48,29257
659,60,1,1,49,29257
660,61,1,1,50,29257
661,62,1,1,51,29257
662,63,1,1,52,29257
663,64,1,1,53,29257
664,65,1,1,54,29257
665,66,1,1,55,29257
666,67,1,1,56,29257
667,68,1,1,57,29257
668,69,1,1,58,29257
669,70,1,1,59,29257
670,71,0,0,59,29257
671,72,1,1,60,29257
672,73,1,1,61,29257
673,74,1,1,62,29257
674,75,0,0,62,29257
675,76,1,1,63,29257
676,77,1,1,64,29257
677,78,1,1,65,29257
678,79,1,1,66,29257
679,80,1,1,67,29257
680,81,1,1,68,29257
681,82,1,1,69,29257
682,83,1,1,70,29257
683,84,1,1,71,29257
684,85,1,1,72,29257
685,86,1,1,73,29257
686,87,1,1,74,29257
687,88,1,1,75,29257
688,89,1,0,75,29257
689,90,1,1,76,29257
690,91,1,1,77,29257
691,92,1,1,78,29257
692,93,1,1,79,29257
693,94,1,1,80,29257
694,95,1,1,81,29257
695,96,1,1,82,29257
696,97,1,1,83,29257
697,98,1,1,84,29257
698,99,1,1,85,29257
699,100,1,1,86,29257
700,1,1,1,1,18290
701,2,0,1,2,18290
702,3,0,1,3,18290
703,4,1,1,4,18290
704,5,1,1,5,18290
705,6,0,1,6,18290
706,7,0,1,7,18290
707,8,0,1,8,18290
708,9,0,1,9,18290
709,10,1,1,10,18290
710,11,1,1,11,18290
711,12,1,1,12,18290
712,13,1,0,12,18290
713,14,0,1,13,18290
714,15,1,1,14,18290
715,16,1,0,14,18290
716,17,0,1,15,18290
717,18,0,1,16,18290
718,19,1,0,16,18290
719,20,0,1,17,18290
720,21,0,1,18,18290
721,22,0,1,19,18290
722,23,0,1,20,18290
723,24,0,1,21,18290
724,25,0,1,22,18290
725,26,0,1,23,18290
726,27,0,1,24,18290
727,28,1,0,24,18290
728,29,0,1,25,18290
729,30,0,1,26,18290
730,31,0,1,27,18290
731,32,0,1,28,18290
732,33,0,1,29,18290
733,34,0,1,30,18290
734,35,0,1,31,18290
735,36,0,1,32,18290
736,37,0,1,33,18290
737,38,0,1,34,18290
738,39,0,1,35,18290
739,40,0,1,36,18290
740,41,0,1,37,18290
741,42,1,0,37,18290
742,43,0,1,38,18290
743,44,0,1,39,18290
744,45,0,1,40,18290
745,46,0,1,41,18290
746,47,0,1,42,18290
747,48,1,0,42,18290
748,49,0,1,43,18290
749,50,0,1,44,18290
750,51,0,1,45,18290
751,52,0,1,46,18290
752,53,0,0,46,18290
753,54,0,0,46,18290
754,55,0,0,46,18290
755,56,1,1,47,18290
756,57,1,1,48,18290
757,58,1,1,49,18290
758,59,1,1,50,18290
759,60,0,1,51,18290
760,61,1,1,52,18290
761,62,0,0,52,18290
762,63,1,1,53,18290
763,64,1,1,54,18290
764,65,1,1,55,18290
765,66,1,1,56,18290
766,67,0,0,56,18290
767,68,1,1,57,18290
768,69,1,1,58,18290
769,70,0,1,59,18290
770,71,1,1,60,18290
771,72,1,1,61,18290
772,73,1,1,62,18290
773,74,1,1,63,18290
774,75,1,1,64,18290
775,76,1,1,65,18290
776,77,1,1,66,18290
777,78,1,1,67,18290
778,79,1,1,68,18290
779,80,0,0,68,18290
780,81,1,1,69,18290
781,82,1,1,70,18290
782,83,1,1,71,18290
783,84,1,1,72,18290
784,85,1,1,73,18290
785,86,1,1,74,18290
786,87,1,1,75,18290
787,88,1,1,76,18290
788,89,1,0,76,18290
789,90,1,1,77,18290
790,91,1,1,78,18290
791,92,1,1,79,18290
792,93,0,0,79,18290
793,94,1,1,80,18290
794,95,1,1,81,18290
795,96,1,1,82,18290
796,97,1,1,83,18290
797,98,1,1,84,18290
798,99,1,1,85,18290
799,100,1,1,86,18290
800,1,1,1,1,96531
801,2,0,1,2,96531
802,3,0,1,3,96531
803,4,0,0,3,96531
804,5,1,1,4,96531
805,6,1,0,4,96531
806,7,1,1,5,96531
807,8,0,1,6,96531
808,9,1,0,6,96531
809,10,1,1,7,96531
810,11,0,1,8,96531
811,12,0,1,9,96531
812,13,0,1,10,96531
813,14,0,1,11,96531
814,15,0,1,12,96531
815,16,0,1,13,96531
816,17,1,0,13,96531
817,18,0,1,14,96531
818,19,0,1,15,96531
819,20,0,1,16,96531
820,21,0,1,17,96531
821,22,0,1,18,96531
822,23,0,1,19,96531
823,24,0,1,20,96531
824,25,0,1,21,96531
825,26,1,1,22,96531
826,27,0,1,23,96531
827,28,0,1,24,96531
828,29,0,1,25,96531
829,30,0,1,26,96531
830,31,0,1,27,96531
831,32,0,1,28,96531
832,33,0,1,29,96531
833,34,0,1,30,96531
834,35,0,1,31,96531
835,36,0,1,32,96531
836,37,0,1,33,96531
837,38,0,1,34,96531
838,39,0,1,35,96531
839,40,0,1,36,96531
840,41,1,0,36,96531
841,42,0,1,37,96531
842,43,0,1,38,96531
843,44,0,1,39,96531
844,45,0,1,40,96531
845,46,0,1,41,96531
846,47,0,1,42,96531
847,48,0,1,43,96531
848,49,0,1,44,96531
849,50,0,1,45,96531
850,51,0,1,46,96531
851,52,0,1,47,96531
852,53,0,0,47,96531
853,54,0,0,47,96531
854,55,0,0,47,96531
855,56,0,0,47,96531
856,57,0,0,47,96531
857,58,1,1,48,96531
858,59,1,1,49,96531
859,60,1,1,50,96531
860,61,1,1,51,96531
861,62,0,0,51,96531
862,63,1,1,52,96531
863,64,1,1,53,96531
864,65,1,1,54,96531
865,66,1,1,55,96531
866,67,1,1,56,96531
867,68,1,1,57,96531
868,69,1,1,58,96531
869,70,1,1,59,96531
870,71,1,1,60,96531
871,72,1,1,61,96531
872,73,1,1,62,96531
873,74,0,0,62,96531
874,75,1,1,63,96531
875,76,1,1,64,96531
876,77,1,1,65,96531
877,78,1,1,66,96531
878,79,1,1,67,96531
879,80,1,1,68,96531
880,81,1,1,69,96531
881,82,1,1,70,96531
882,83,1,1,71,96531
883,84,1,1,72,96531
884,85,1,1,73,96531
885,86,1,1,74,96531
886,87,1,1,75,96531
887,88,1,1,76,96531
888,89,1,0,76,96531
889,90,1,1,77,96531
890,91,1,1,78,96531
891,92,1,1,79,96531
892,93,1,1,80,96531
893,94,1,1,81,96531
894,95,1,1,82,96531
895,96,1,1,83,96531
896,97,1,1,84,96531
897,98,1,1,85,96531
898,99,1,1,86,96531
899,100,1,1,87,96531
900,1,0,1,1,13435
901,2,0,1,2,13435
902,3,0,1,3,13435
903,4,0,0,3,13435
904,5,1,1,4,13435
905,6,0,1,5,13435
906,7,0,1,6,13435
907,8,0,1,7,13435
908,9,0,1,8,13435
909,10,0,0,8,13435
910,11,1,1,9,13435
911,12,0,1,10,13435
912,13,0,1,11,13435
913,14,0,1,12,13435
914,15,1,1,13,13435
915,16,1,0,13,13435
916,17,0,1,14,13435
917,18,0,1,15,13435
918,19,0,1,16,13435
919,20,0,1,17,13435
920,21,0,1,18,13435
921,22,0,1,19,13435
922,23,0,1,20,13435
923,24,1,0,20,13435
924,25,0,1,21,13435
925,26,0,1,22,13435
926,27,0,1,23,13435
927,28,0,1,24,13435
928,29,0,1,25,13435
929,30,0,1,26,13435
930,31,0,1,27,13435
931,32,0,1,28,13435
932,33,0,1,29,13435
933,34,0,1,30,13435
934,35,0,1,31,13435
935,36,0,1,32,13435
936,37,0,1,33,13435
937,38,0,1,34,13435
938,39,1,0,34,13435
939,40,0,1,35,13435
940,41,0,1,36,13435
941,42,0,1,37,13435
942,43,0,1,38,13435
943,44,1,0,38,13435
944,45,0,1,39,13435
945,46,0,1,40,13435
946,47,0,1,41,13435
947,48,0,1,42,13435
948,49,0,1,43,13435
949,50,0,1,44,13435
950,51,0,1,45,13435
951,52,0,1,46,13435
952,53,0,0,46,13435
953,54,0,0,46,13435
954,55,0,0,46,13435
955,56,0,0,46,13435
956,57,1,1,47,13435
957,58,1,1,48,13435
958,59,1,1,49,13435
959,60,1,1,50,13435
960,61,1,1,51,13435
961,62,1,1,52,13435
962,63,0,1,53,13435
963,64,1,1,54,13435
964,65,0,0,54,13435
965,66,1,1,55,13435
966,67,1,1,56,13435
967,68,0,0,56,13435
968,69,1,1,57,13435
969,70,1,1,58,13435
970,71,0,0,58,13435
971,72,1,1,59,13435
972,73,1,1,60,13435
973,74,1,1,61,13435
974,75,1,1,62,13435
975,76,1,1,63,13435
976,77,1,1,64,13435
977,78,1,1,65,13435
978,79,1,1,66,13435
979,80,1,1,67,13435
980,81,1,1,68,13435
981,82,1,1,69,13435
982,83,1,1,70,13435
983,84,1,1,71,13435
984,85,1,1,72,13435
985,86,1,1,73,13435
986,87,1,1,74,13435
987,88,1,1,75,13435
988,89,1,0,75,13435
989,90,1,1,76,13435
990,91,1,1,77,13435
991,92,1,1,78,13435
992,93,1,1,79,13435
993,94,1,1,80,13435
994,95,1,1,81,13435
995,96,1,1,82,13435
996,97,1,1,83,13435
997,98,1,1,84,13435
998,99,1,1,85,13435
999,100,1,1,86,13435
1000,1,1,1,1,88697
1001,2,0,1,2,88697
1002,3,0,1,3,88697
1003,4,0,0,3,88697
1004,5,0,1,4,88697
1005,6,0,1,5,88697
1006,7,0,1,6,88697
1007,8,0,1,7,88697
1008,9,1,0,7,88697
1009,10,0,0,7,88697
1010,11,0,1,8,88697
1011,12,0,1,9,88697
1012,13,0,1,10,88697
1013,14,0,1,11,88697
1014,15,0,1,12,88697
1015,16,0,1,13,88697
1016,17,0,1,14,88697
1017,18,0,1,15,88697
1018,19,0,1,16,88697
1019,20,0,1,17,88697
1020,21,0,1,18,88697
1021,22,0,1,19,88697
1022,23,0,1,20,88697
1023,24,0,1,21,88697
1024,25,0,1,22,88697
1025,26,1,1,23,88697
1026,27,0,1,24,88697
1027,28,0,1,25,88697
1028,29,1,0,25,88697
1029,30,1,0,25,88697
1030,31,0,1,26,88697
1031,32,0,1,27,88697
1032,33,0,1,28,88697
1033,34,1,1,29,88697
1034,35,0,1,30,88697
1035,36,0,1,31,88697
1036,37,0,1,32,88697
1037,38,0,1,33,88697
1038,39,0,1,34,88697
1039,40,0,1,35,88697
1040,41,0,1,36,88697
1041,42,0,1,37,88697
1042,43,0,1,38,88697
1043,44,0,1,39,88697
1044,45,0,1,40,88697
1045,46,0,1,41,88697
1046,47,0,1,42,88697
1047,48,0,1,43,88697
1048,49,0,1,44,88697
1049,50,0,1,45,88697
1050,51,0,1,46,88697
1051,52,0,1,47,88697
1052,53,0,0,47,88697
1053,54,0,0,47,88697
1054,55,1,1,48,88697
1055,56,0,0,48,88697
1056,57,1,1,49,88697
1057,58,0,0,49,88697
1058,59,1,1,50,88697
1059,60,1,1,51,88697
1060,61,1,1,52,88697
1061,62,0,0,52,88697
1062,63,1,1,53,88697
1063,64,1,1,54,88697
1064,65,1,1,55,88697
1065,66,1,1,56,88697
1066,67,1,1,57,88697
1067,68,1,1,58,88697
1068,69,1,1,59,88697
1069,70,0,1,60,88697
1070,71,1,1,61,88697
1071,72,1,1,62,88697
1072,73,1,1,63,88697
1073,74,1,1,64,88697
1074,75,1,1,65,88697
1075,76,1,1,66,88697
1076,77,1,1,67,88697
1077,78,1,1,68,88697
1078,79,1,1,69,88697
1079,80,1,1,70,88697
1080,81,1,1,71,88697
1081,82,1,1,72,88697
1082,83,1,1,73,88697
1083,84,1,1,74,88697
1084,85,1,1,75,88697
1085,86,1,1,76,88697
1086,87,1,1,77,88697
1087,88,1,1,78,88697
1088,89,1,0,78,88697
1089,90,1,1,79,88697
1090,91,1,1,80,88697
1091,92,1,1,81,88697
1092,93,1,1,82,88697
1093,94,0,0,82,88697
1094,95,1,1,83,88697
1095,96,1,1,84,88697
1096,97,1,1,85,88697
1097,98,1,1,86,88697
1098,99,1,1,87,88697
1099,100,1,1,88,88697
1100,1,0,1,1,97081
1101,2,0,1,2,97081
1102,3,0,1,3,97081
1103,4,0,0,3,97081
1104,5,0,1,4,97081
1105,6,1,0,4,97081
1106,7,0,1,5,97081
1107,8,0,1,6,97081
1108,9,0,1,7,97081
1109,10,0,0,7,97081
1110,11,1,1,8,97081
1111,12,0,1,9,97081
1112,13,0,1,10,97081
1113,14,0,1,11,97081
1114,15,0,1,12,97081
1115,16,0,1,13,97081
1116,17,1,0,13,97081
1117,18,0,1,14,97081
1118,19,0,1,15,97081
1119,20,0,1,16,97081
1120,21,0,1,17,97081
1121,22,0,1,18,97081
1122,23,0,1,19,97081
1123,24,0,1,20,97081
1124,25,0,1,21,97081
1125,26,0,1,22,97081
1126,27,0,1,23,97081
1127,28,0,1,24,97081
1128,29,0,1,25,97081
1129,30,0,1,26,97081
1130,31,0,1,27,97081
1131,32,0,1,28,97081
1132,33,0,1,29,97081
1133,34,0,1,30,97081
1134,35,0,1,31,97081
1135,36,0,1,32,97081
1136,37,0,1,33,97081
1137,38,0,1,34,97081
1138,39,0,1,35,97081
1139,40,0,1,36,97081
1140,41,0,1,37,97081
1141,42,0,1,38,97081
1142,43,0,1,39,97081
1143,44,0,1,40,97081
1144,45,0,1,41,97081
1145,46,0,1,42,97081
1146,47,0,1,43,97081
1147,48,0,1,44,97081
1148,49,0,1,45,97081
1149,50,0,1,46,97081
1150,51,0,1,47,97081
1151,52,0,1,48,97081
1152,53,0,0,48,97081
1153,54,0,0,48,97081
1154,55,0,0,48,97081
1155,56,0,0,48,97081
1156,57,0,0,48,97081
1157,58,1,1,49,97081
1158,59,1,1,50,97081
1159,60,1,1,51,97081
1160,61,1,1,52,97081
1161,62,1,1,53,97081
1162,63,1,1,54,97081
1163,64,1,1,55,97081
1164,65,1,1,56,97081
1165,66,1,1,57,97081
1166,67,1,1,58,97081
1167,68,1,1,59,97081
1168,69,1,1,60,97081
1169,70,0,1,61,97081
1170,71,1,1,62,97081
1171,72,1,1,63,97081
1172,73,1,1,64,97081
1173,74,0,0,64,97081
1174,75,1,1,65,97081
1175,76,1,1,66,97081
1176,77,1,1,67,97081
1177,78,1,1,68,97081
1178,79,1,1,69,97081
1179,80,1,1,70,97081
1180,81,1,1,71,97081
1181,82,1,1,72,97081
1182,83,1,1,73,97081
1183,84,1,1,74,97081
1184,85,1,1,75,97081
1185,86,1,1,76,97081
1186,87,1,1,77,97081
1187,88,1,1,78,97081
1188,89,1,0,78,97081
1189,90,1,1,79,97081
1190,91,1,1,80,97081
1191,92,0,0,80,97081
1192,93,1,1,81,97081
1193,94,1,1,82,97081
1194,95,1,1,83,97081
1195,96,1,1,84,97081
1196,97,1,1,85,97081
1197,98,1,1,86,97081
1198,99,1,1,87,97081
1199,100,1,1,88,97081
1200,1,0,1,1,71483
1201,2,0,1,2,71483
1202,3,1,0,2,71483
1203,4,0,0,2,71483
1204,5,0,1,3,71483
1205,6,0,1,4,71483
1206,7,0,1,5,71483
1207,8,0,1,6,71483
1208,9,0,1,7,71483
1209,10,0,0,7,71483
1210,11,0,1,8,71483
1211,12,0,1,9,71483
1212,13,0,1,10,71483
1213,14,0,1,11,71483
1214,15,1,1,12,71483
1215,16,0,1,13,71483
1216,17,1,0,13,71483
1217,18,0,1,14,71483
1218,19,0,1,15,71483
1219,20,0,1,16,71483
1220,21,0,1,17,71483
1221,22,0,1,18,71483
1222,23,0,1,19,71483
1223,24,0,1,20,71483
1224,25,0,1,21,71483
1225,26,0,1,22,71483
1226,27,0,1,23,71483
1227,28,0,1,24,71483
1228,29,1,0,24,71483
1229,30,0,1,25,71483
1230,31,0,1,26,71483
1231,32,0,1,27,71483
1232,33,0,1,28,71483
1233,34,0,1,29,71483
1234,35,0,1,30,71483
1235,36,0,1,31,71483
1236,37,0,1,32,71483
1237,38,0,1,33,71483
1238,39,0,1,34,71483
1239,40,0,1,35,71483
1240,41,0,1,36,71483
1241,42,0,1,37,71483
1242,43,0,1,38,71483
1243,44,0,1,39,71483
1244,45,0,1,40,71483
1245,46,0,1,41,71483
1246,47,0,1,42,71483
1247,48,0,1,43,71483
1248,49,0,1,44,71483
1249,50,0,1,45,71483
1250,51,0,1,46,71483
1251,52,0,1,47,71483
1252,53,0,0,47,71483
1253,54,0,0,47,71483
1254,55,0,0,47,71483
1255,56,0,0,47,71483
1256,57,0,0,47,71483
1257,58,1,1,48,71483
1258,59,0,0,48,71483
1259,60,1,1,49,71483
1260,61,1,1,50,71483
1261,62,1,1,51,71483
1262,63,1,1,52,71483
1263,64,1,1,53,71483
1264,65,1,1,54,71483
1265,66,1,1,55,71483
1266,67,1,1,56,71483
1267,68,1,1,57,71483
1268,69,1,1,58,71483
1269,70,1,1,59,71483
1270,71,1,1,60,71483
1271,72,1,1,61,71483
1272,73,1,1,62,71483
1273,74,1,1,63,71483
1274,75,1,1,64,71483
1275,76,1,1,65,71483
1276,77,1,1,66,71483
1277,78,1,1,67,71483
1278,79,1,1,68,71483
1279,80,1,1,69,71483
1280,81,1,1,70,71483
1281,82,0,0,70,71483
1282,83,1,1,71,71483
1283,84,1,1,72,71483
1284,85,1,1,73,71483
1285,86,1,1,74,71483
1286,87,1,1,75,71483
1287,88,1,1,76,71483
1288,89,1,0,76,71483
1289,90,1,1,77,71483
1290,91,1,1,78,71483
1291,92,1,1,79,71483
1292,93,1,1,80,71483
1293,94,1,1,81,71483
1294,95,1,1,82,71483
1295,96,1,1,83,71483
1296,97,1,1,84,71483
1297,98,1,1,85,71483
1298,99,1,1,86,71483
1299,100,1,1,87,71483
1300,1,1,1,1,11396
1301,2,1,0,1,11396
1302,3,0,1,2,11396
1303,4,1,1,3,11396
1304,5,0,1,4,11396
1305,6,0,1,5,11396
1306,7,0,1,6,11396
1307,8,1,0,6,11396
1308,9,0,1,7,11396
1309,10,0,0,7,11396
1310,11,0,1,8,11396
1311,12,1,1,9,11396
1312,13,0,1,10,11396
1313,14,0,1,11,11396
1314,15,1,1,12,11396
1315,16,1,0,12,11396
1316,17,0,1,13,11396
1317,18,0,1,14,11396
1318,19,0,1,15,11396
1319,20,0,1,16,11396
1320,21,0,1,17,11396
1321,22,0,1,18,11396
1322,23,0,1,19,11396
1323,24,0,1,20,11396
1324,25,0,1,21,11396
1325,26,0,1,22,11396
1326,27,0,1,23,11396
1327,28,0,1,24,11396
1328,29,0,1,25,11396
1329,30,1,0,25,11396
1330,31,0,1,26,11396
1331,32,0,1,27,11396
1332,33,0,1,28,11396
1333,34,0,1,29,11396
1334,35,1,0,29,11396
1335,36,0,1,30,11396
1336,37,0,1,31,11396
1337,38,0,1,32,11396
1338,39,0,1,33,11396
1339,40,0,1,34,11396
1340,41,0,1,35,11396
1341,42,0,1,36,11396
1342,43,0,1,37,11396
1343,44,0,1,38,11396
1344,45,0,1,39,11396
1345,46,0,1,40,11396
1346,47,0,1,41,11396
1347,48,0,1,42,11396
1348,49,0,1,43,11396
1349,50,0,1,44,11396
1350,51,0,1,45,11396
1351,52,0,1,46,11396
1352,53,0,0,46,11396
1353,54,0,0,46,11396
1354,55,0,0,46,11396
1355,56,0,0,46,11396
1356,57,0,0,46,11396
1357,58,0,0,46,11396
1358,59,1,1,47,11396
1359,60,1,1,48,11396
1360,61,1,1,49,11396
1361,62,0,0,49,11396
1362,63,1,1,50,11396
1363,64,1,1,51,11396
1364,65,1,1,52,11396
1365,66,1,1,53,11396
1366,67,1,1,54,11396
1367,68,1,1,55,11396
1368,69,1,1,56,11396
1369,70,1,1,57,11396
1370,71,1,1,58,11396
1371,72,1,1,59,11396
1372,73,1,1,60,11396
1373,74,1,1,61,11396
1374,75,1,1,62,11396
1375,76,1,1,63,11396
1376,77,1,1,64,11396
1377,78,1,1,65,11396
1378,79,1,1,66,11396
1379,80,1,1,67,11396
1380,81,1,1,68,11396
1381,82,1,1,69,11396
1382,83,1,1,70,11396
1383,84,1,1,71,11396
1384,85,1,1,72,11396
1385,86,1,1,73,11396
1386,87,1,1,74,11396
1387,88,1,1,75,11396
1388,89,1,0,75,11396
1389,90,1,1,76,11396
1390,91,1,1,77,11396
1391,92,1,1,78,11396
1392,93,1,1,79,11396
1393,94,1,1,80,11396
1394,95,1,1,81,11396
1395,96,1,1,82,11396
1396,97,1,1,83,11396
1397,98,1,1,84,11396
1398,99,1,1,85,11396
1399,100,1,1,86,11396
1400,1,0,1,1,77398
1401,2,0,1,2,77398
1402,3,1,0,2,77398
1403,4,0,0,2,77398
1404,5,0,1,3,77398
1405,6,0,1,4,77398
1406,7,0,1,5,77398
1407,8,0,1,6,77398
1408,9,1,0,6,77398
1409,10,0,0,6,77398
1410,11,0,1,7,77398
1411,12,0,1,8,77398
1412,13,0,1,9,77398
1413,14,0,1,10,77398
1414,15,0,1,11,77398
1415,16,0,1,12,77398
1416,17,0,1,13,77398
1417,18,0,1,14,77398
1418,19,0,1,15,77398
1419,20,0,1,16,77398
1420,21,0,1,17,77398
1421,22,0,1,18,77398
1422,23,0,1,19,77398
1423,24,0,1,20,77398
1424,25,0,1,21,77398
1425,26,0,1,22,77398
1426,27,0,1,23,77398
1427,28,0,1,24,77398
1428,29,0,1,25,77398
1429,30,0,1,26,77398
1430,31,0,1,27,77398
1431,32,0,1,28,77398
1432,33,0,1,29,77398
1433,34,0,1,30,77398
1434,35,0,1,31,77398
1435,36,0,1,32,77398
1436,37,0,1,33,77398
1437,38,0,1,34,77398
1438,39,0,1,35,77398
1439,40,0,1,36,77398
1440,41,0,1,37,77398
1441,42,0,1,38,77398
1442,43,0,1,39,77398
1443,44,0,1,40,77398
1444,45,0,1,41,77398
1445,46,0,1,42,77398
1446,47,0,1,43,77398
1447,48,0,1,44,77398
1448,49,0,1,45,77398
1449,50,0,1,46,77398
1450,51,0,1,47,77398
1451,52,0,1,48,77398
1452,53,0,0,48,77398
1453,54,0,0,48,77398
1454,55,0,0,48,77398
1455,56,1,1,49,77398
1456,57,0,0,49,77398
1457,58,0,0,49,77398
1458,59,1,1,50,77398
1459,60,1,1,51,77398
1460,61,1,1,52,77398
1461,62,0,0,52,77398
1462,63,1,1,53,77398
1463,64,1,1,54,77398
1464,65,1,1,55,77398
1465,66,1,1,56,77398
1466,67,1,1,57,77398
1467,68,1,1,58,77398
1468,69,1,1,59,77398
1469,70,1,1,60,77398
1470,71,1,1,61,77398
1471,72,1,1,62,77398
1472,73,1,1,63,77398
1473,74,1,1,64,77398
1474,75,1,1,65,77398
1475,76,1,1,66,77398
1476,77,1,1,67,77398
1477,78,1,1,68,77398
1478,79,1,1,69,77398
1479,80,1,1,70,77398
1480,81,1,1,71,77398
1481,82,1,1,72,77398
1482,83,1,1,73,77398
1483,84,1,1,74,77398
1484,85,1,1,75,77398
1485,86,1,1,76,77398
1486,87,1,1,77,77398
1487,88,1,1,78,77398
1488,89,1,0,78,77398
1489,90,1,1,79,77398
1490,91,1,1,80,77398
1491,92,1,1,81,77398
1492,93,1,1,82,77398
1493,94,1,1,83,77398
1494,95,1,1,84,77398
1495,96,0,0,84,77398
1496,97,1,1,85,77398
1497,98,1,1,86,77398
1498,99,1,1,87,77398
1499,100,1,1,88,77398
1500,1,0,1,1,55303
1501,2,1,0,1,55303
1502,3,1,0,1,55303
1503,4,0,0,1,55303
1504,5,0,1,2,55303
1505,6,0,1,3,55303
1506,7,0,1,4,55303
1507,8,0,1,5,55303
1508,9,0,1,6,55303
1509,10,0,0,6,55303
1510,11,0,1,7,55303
1511,12,0,1,8,55303
1512,13,0,1,9,55303
1513,14,0,1,10,55303
1514,15,0,1,11,55303
1515,16,0,1,12,55303
1516,17,0,1,13,55303
1517,18,0,1,14,55303
1518,19,0,1,15,55303
1519,20,0,1,16,55303
1520,21,1,0,16,55303
1521,22,0,1,17,55303
1522,23,0,1,18,55303
1523,24,0,1,19,55303
1524,25,0,1,20,55303
1525,26,0,1,21,55303
1526,27,0,1,22,55303
1527,28,0,1,23,55303
1528,29,0,1,24,55303
1529,30,0,1,25,55303
1530,31,0,1,26,55303
1531,32,0,1,27,55303
1532,33,0,1,28,55303
1533,34,0,1,29,55303
1534,35,0,1,30,55303
1535,36,0,1,31,55303
1536,37,0,1,32,55303
1537,38,0,1,33,55303
1538,39,0,1,34,55303
1539,40,0,1,35,55303
1540,41,0,1,36,55303
1541,42,0,1,37,55303
1542,43,0,1,38,55303
1543,44,0,1,39,55303
1544,45,0,1,40,55303
1545,46,0,1,41,55303
1546,47,0,1,42,55303
1547,48,1,0,42,55303
1548,49,0,1,43,55303
1549,50,0,1,44,55303
1550,51,0,1,45,55303
1551,52,0,1,46,55303
1552,53,0,0,46,55303
1553,54,0,0,46,55303
1554,55,0,0,46,55303
1555,56,0,0,46,55303
1556,57,1,1,47,55303
1557,58,0,0,47,55303
1558,59,0,0,47,55303
1559,60,0,1,48,55303
1560,61,0,0,48,55303
1561,62,1,1,49,55303
1562,63,1,1,50,55303
1563,64,0,0,50,55303
1564,65,1,1,51,55303
1565,66,1,1,52,55303
1566,67,1,1,53,55303
1567,68,1,1,54,55303
1568,69,1,1,55,55303
1569,70,1,1,56,55303
1570,71,1,1,57,55303
1571,72,1,1,58,55303
1572,73,1,1,59,55303
1573,74,1,1,60,55303
1574,75,1,1,61,55303
1575,76,1,1,62,55303
1576,77,1,1,63,55303
1577,78,1,1,64,55303
1578,79,1,1,65,55303
1579,80,1,1,66,55303
1580,81,1,1,67,55303
1581,82,1,1,68,55303
1582,83,1,1,69,55303
1583,84,1,1,70,55303
1584,85,1,1,71,55303
1585,86,1,1,72,55303
1586,87,1,1,73,55303
1587,88,1,1,74,55303
1588,89,1,0,74,55303
1589,90,1,1,75,55303
1590,91,1,1,76,55303
1591,92,1,1,77,55303
1592,93,1,1,78,55303
1593,94,1,1,79,55303
1594,95,1,1,80,55303
1595,96,1,1,81,55303
1596,97,1,1,82,55303
1597,98,1,1,83,55303
1598,99,1,1,84,55303
1599,100,1,1,85,55303
1600,1,1,1,1,4166
1601,2,1,0,1,4166
1602,3,1,0,1,4166
1603,4,0,0,1,4166
1604,5,1,1,2,4166
1605,6,0,1,3,4166
1606,7,0,1,4,4166
1607,8,0,1,5,4166
1608,9,1,0,5,4166
1609,10,0,0,5,4166
1610,11,0,1,6,4166
1611,12,1,1,7,4166
1612,13,0,1,8,4166
1613,14,1,0,8,4166
1614,15,0,1,9,4166
1615,16,1,0,9,4166
1616,17,0,1,10,4166
1617,18,0,1,11,4166
1618,19,0,1,12,4166
1619,20,0,1,13,4166
1620,21,0,1,14,4166
1621,22,0,1,15,4166
1622,23,0,1,16,4166
1623,24,0,1,17,4166
1624,25,0,1,18,4166
1625,26,0,1,19,4166
1626,27,0,1,20,4166
1627,28,0,1,21,4166
1628,29,0,1,22,4166
1629,30,0,1,23,4166
1630,31,0,1,24,4166
1631,32,0,1,25,4166
1632,33,0,1,26,4166
1633,34,0,1,27,4166
1634,35,0,1,28,4166
1635,36,0,1,29,4166
1636,37,0,1,30,4166
1637,38,0,1,31,4166
1638,39,0,1,32,4166
1639,40,0,1,33,4166
1640,41,0,1,34,4166
1641,42,0,1,35,4166
1642,43,0,1,36,4166
1643,44,0,1,37,4166
1644,45,0,1,38,4166
1645,46,0,1,39,4166
1646,47,0,1,40,4166
1647,48,0,1,41,4166
1648,49,0,1,42,4166
1649,50,0,1,43,4166
1650,51,0,1,44,4166
1651,52,0,1,45,4166
1652,53,0,0,45,4166
1653,54,0,0,45,4166
1654,55,0,0,45,4166
1655,56,0,0,45,4166
1656,57,1,1,46,4166
1657,58,1,1,47,4166
1658,59,1,1,48,4166
1659,60,1,1,49,4166
1660,61,1,1,50,4166
1661,62,1,1,51,4166
1662,63,1,1,52,4166
1663,64,1,1,53,4166
1664,65,1,1,54,4166
1665,66,1,1,55,4166
1666,67,1,1,56,4166
1667,68,1,1,57,4166
1668,69,1,1,58,4166
1669,70,1,1,59,4166
1670,71,0,0,59,4166
1671,72,1,1,60,4166
1672,73,1,1,61,4166
1673,74,1,1,62,4166
1674,75,1,1,63,4166
1675,76,1,1,64,4166
1676,77,1,1,65,4166
1677,78,1,1,66,4166
1678,79,1,1,67,4166
1679,80,1,1,68,4166
1680,81,1,1,69,4166
1681,82,1,1,70,4166
1682,83,1,1,71,4166
1683,84,1,1,72,4166
1684,85,1,1,73,4166
1685,86,1,1,74,4166
1686,87,1,1,75,4166
1687,88,1,1,76,4166
1688,89,1,0,76,4166
1689,90,1,1,77,4166
1690,91,1,1,78,4166
1691,92,1,1,79,4166
1692,93,1,1,80,4166
1693,94,1,1,81,4166
1694,95,1,1,82,4166
1695,96,1,1,83,4166
1696,97,1,1,84,4166
1697,98,1,1,85,4166
1698,99,1,1,86,4166
1699,100,1,1,87,4166
1700,1,0,1,1,3906
1701,2,0,1,2,3906
1702,3,0,1,3,3906
1703,4,0,0,3,3906
1704,5,0,1,4,3906
1705,6,0,1,5,3906
1706,7,1,1,6,3906
1707,8,0,1,7,3906
1708,9,1,0,7,3906
1709,10,0,0,7,3906
1710,11,0,1,8,3906
1711,12,0,1,9,3906
1712,13,0,1,10,3906
1713,14,0,1,11,3906
1714,15,0,1,12,3906
1715,16,0,1,13,3906
1716,17,1,0,13,3906
1717,18,0,1,14,3906
1718,19,0,1,15,3906
1719,20,0,1,16,3906
1720,21,0,1,17,3906
1721,22,0,1,18,3906
1722,23,0,1,19,3906
1723,24,0,1,20,3906
1724,25,0,1,21,3906
1725,26,0,1,22,3906
1726,27,0,1,23,3906
1727,28,0,1,24,3906
1728,29,0,1,25,3906
1729,30,0,1,26,3906
1730,31,0,1,27,3906
1731,32,0,1,28,3906
1732,33,0,1,29,3906
1733,34,0,1,30,3906
1734,35,0,1,31,3906
1735,36,0,1,32,3906
1736,37,0,1,33,3906
1737,38,0,1,34,3906
1738,39,0,1,35,3906
1739,40,0,1,36,3906
1740,41,0,1,37,3906
1741,42,0,1,38,3906
1742,43,0,1,39,3906
1743,44,0,1,40,3906
1744,45,0,1,41,3906
1745,46,0,1,42,3906
1746,47,0,1,43,3906
1747,48,0,1,44,3906
1748,49,0,1,45,3906
1749,50,0,1,46,3906
1750,51,0,1,47,3906
1751,52,0,1,48,3906
1752,53,0,0,48,3906
1753,54,0,0,48,3906
1754,55,1,1,49,3906
1755,56,1,1,50,3906
1756,57,0,0,50,3906
1757,58,1,1,51,3906
1758,59,1,1,52,3906
1759,60,1,1,53,3906
1760,61,1,1,54,3906
1761,62,0,0,54,3906
1762,63,1,1,55,3906
1763,64,1,1,56,3906
1764,65,1,1,57,3906
1765,66,1,1,58,3906
1766,67,1,1,59,3906
1767,68,0,0,59,3906
1768,69,1,1,60,3906
1769,70,1,1,61,3906
1770,71,1,1,62,3906
1771,72,0,0,62,3906
1772,73,1,1,63,3906
1773,74,1,1,64,3906
1774,75,1,1,65,3906
1775,76,1,1,66,3906
1776,77,1,1,67,3906
1777,78,1,1,68,3906
1778,79,1,1,69,3906
1779,80,1,1,70,3906
1780,81,1,1,71,3906
1781,82,1,1,72,3906
1782,83,1,1,73,3906
1783,84,1,1,74,3906
1784,85,1,1,75,3906
1785,86,1,1,76,3906
1786,87,1,1,77,3906
1787,88,1,1,78,3906
1788,89,1,0,78,3906
1789,90,1,1,79,3906
1790,91,1,1,80,3906
1791,92,1,1,81,3906
1792,93,1,1,82,3906
1793,94,1,1,83,3906
1794,95,1,1,84,3906
1795,96,1,1,85,3906
1796,97,1,1,86,3906
1797,98,0,0,86,3906
1798,99,1,1,87,3906
1799,100,1,1,88,3906
1800,1,1,1,1,12281
1801,2,1,0,1,12281
1802,3,1,0,1,12281
1803,4,0,0,1,12281
1804,5,0,1,2,12281
1805,6,1,0,2,12281
1806,7,0,1,3,12281
1807,8,0,1,4,12281
1808,9,0,1,5,12281
1809,10,0,0,5,12281
1810,11,0,1,6,12281
1811,12,0,1,7,12281
1812,13,0,1,8,12281
1813,14,0,1,9,12281
1814,15,0,1,10,12281
1815,16,0,1,11,12281
1816,17,0,1,12,12281
1817,18,0,1,13,12281
1818,19,0,1,14,12281
1819,20,0,1,15,12281
1820,21,0,1,16,12281
1821,22,0,1,17,12281
1822,23,0,1,18,12281
1823,24,0,1,19,12281
1824,25,0,1,20,12281
1825,26,0,1,21,12281
1826,27,0,1,22,12281
1827,28,0,1,23,12281
1828,29,0,1,24,12281
1829,30,0,1,25,12281
1830,31,0,1,26,12281
1831,32,0,1,27,12281
1832,33,0,1,28,12281
1833,34,0,1,29,12281
1834,35,0,1,30,12281
1835,36,0,1,31,12281
1836,37,0,1,32,12281
1837,38,0,1,33,12281
1838,39,0,1,34,12281
1839,40,0,1,35,12281
1840,41,0,1,36,12281
1841,42,0,1,37,12281
1842,43,0,1,38,12281
1843,44,0,1,39,12281
1844,45,0,1,40,12281
1845,46,0,1,41,12281
1846,47,1,0,41,12281
1847,48,0,1,42,12281
1848,49,0,1,43,12281
1849,50,0,1,44,12281
1850,51,0,1,45,12281
1851,52,0,1,46,12281
1852,53,0,0,46,12281
1853,54,0,0,46,12281
1854,55,0,0,46,12281
1855,56,0,0,46,12281
1856,57,0,0,46,12281
1857,58,0,0,46,12281
1858,59,0,0,46,12281
1859,60,0,1,47,12281
1860,61,0,0,47,12281
1861,62,0,0,47,12281
1862,63,1,1,48,12281
1863,64,1,1,49,12281
1864,65,1,1,50,12281
1865,66,0,0,50,12281
1866,67,1,1,51,12281
1867,68,1,1,52,12281
1868,69,1,1,53,12281
1869,70,1,1,54,12281
1870,71,1,1,55,12281
1871,72,1,1,56,12281
1872,73,1,1,57,12281
1873,74,1,1,58,12281
1874,75,1,1,59,12281
1875,76,1,1,60,12281
1876,77,1,1,61,12281
1877,78,1,1,62,12281
1878,79,1,1,63,12281
1879,80,1,1,64,12281
1880,81,1,1,65,12281
1881,82,1,1,66,12281
1882,83,1,1,67,12281
1883,84,1,1,68,12281
1884,85,1,1,69,12281
1885,86,1,1,70,12281
1886,87,1,1,71,12281
1887,88,1,1,72,12281
1888,89,1,0,72,12281
1889,90,1,1,73,12281
1890,91,1,1,74,12281
1891,92,1,1,75,12281
1892,93,1,1,76,12281
1893,94,1,1,77,12281
1894,95,1,1,78,12281
1895,96,1,1,79,12281
1896,97,1,1,80,12281
1897,98,1,1,81,12281
1898,99,1,1,82,12281
1899,100,1,1,83,12281
1900,1,1,1,1,28658
1901,2,0,1,2,28658
1902,3,0,1,3,28658
1903,4,0,0,3,28658
1904,5,1,1,4,28658
1905,6,0,1,5,28658
1906,7,1,1,6,28658
1907,8,1,0,6,28658
1908,9,1,0,6,28658
1909,10,1,1,7,28658
1910,11,0,1,8,28658
1911,12,0,1,9,28658
1912,13,0,1,10,28658
1913,14,0,1,11,28658
1914,15,0,1,12,28658
1915,16,1,0,12,28658
1916,17,0,1,13,28658
1917,18,0,1,14,28658
1918,19,0,1,15,28658
1919,20,0,1,16,28658
1920,21,0,1,17,28658
1921,22,0,1,18,28658
1922,23,0,1,19,28658
1923,24,0,1,20,28658
1924,25,0,1,21,28658
1925,26,1,1,22,28658
1926,27,0,1,23,28658
1927,28,1,0,23,28658
1928,29,0,1,24,28658
1929,30,0,1,25,28658
1930,31,0,1,26,28658
1931,32,1,0,26,28658
1932,33,0,1,27,28658
1933,34,0,1,28,28658
1934,35,0,1,29,28658
1935,36,0,1,30,28658
1936,37,0,1,31,28658
1937,38,0,1,32,28658
1938,39,0,1,33,28658
1939,40,0,1,34,28658
1940,41,0,1,35,28658
1941,42,0,1,36,28658
1942,43,0,1,37,28658
1943,44,0,1,38,28658
1944,45,0,1,39,28658
1945,46,0,1,40,28658
1946,47,0,1,41,28658
1947,48,0,1,42,28658
1948,49,0,1,43,28658
1949,50,0,1,44,28658
1950,51,0,1,45,28658
1951,52,0,1,46,28658
1952,53,0,0,46,28658
1953,54,0,0,46,28658
1954,55,0,0,46,28658
1955,56,0,0,46,28658
1956,57,1,1,47,28658
1957,58,1,1,48,28658
1958,59,1,1,49,28658
1959,60,1,1,50,28658
1960,61,1,1,51,28658
1961,62,1,1,52,28658
1962,63,1,1,53,28658
1963,64,1,1,54,28658
1964,65,1,1,55,28658
1965,66,0,0,55,28658
1966,67,1,1,56,28658
1967,68,1,1,57,28658
1968,69,1,1,58,28658
1969,70,1,1,59,28658
1970,71,1,1,60,28658
1971,72,1,1,61,28658
1972,73,1,1,62,28658
1973,74,0,0,62,28658
1974,75,1,1,63,28658
1975,76,1,1,64,28658
1976,77,1,1,65,28658
1977,78,1,1,66,28658
1978,79,1,1,67,28658
1979,80,1,1,68,28658
1980,81,1,1,69,28658
1981,82,0,0,69,28658
1982,83,1,1,70,28658
1983,84,1,1,71,28658
1984,85,1,1,72,28658
1985,86,1,1,73,28658
1986,87,1,1,74,28658
1987,88,1,1,75,28658
1988,89,1,0,75,28658
1989,90,1,1,76,28658
1990,91,0,0,76,28658
1991,92,1,1,77,28658
1992,93,1,1,78,28658
1993,94,1,1,79,28658
1994,95,1,1,80,28658
1995,96,1,1,81,28658
1996,97,1,1,82,28658
1997,98,1,1,83,28658
1998,99,1,1,84,28658
1999,100,1,1,85,28658
2000,1,1,1,1,30496
2001,2,1,0,1,30496
2002,3,0,1,2,30496
2003,4,1,1,3,30496
2004,5,1,1,4,30496
2005,6,0,1,5,30496
2006,7,1,1,6,30496
2007,8,0,1,7,30496
2008,9,0,1,8,30496
2009,10,0,0,8,30496
2010,11,1,1,9,30496
2011,12,1,1,10,30496
2012,13,1,0,10,30496
2013,14,0,1,11,30496
2014,15,0,1,12,30496
2015,16,0,1,13,30496
2016,17,0,1,14,30496
2017,18,0,1,15,30496
2018,19,1,0,15,30496
2019,20,0,1,16,30496
2020,21,0,1,17,30496
2021,22,0,1,18,30496
2022,23,1,0,18,30496
2023,24,0,1,19,30496
2024,25,1,0,19,30496
2025,26,0,1,20,30496
2026,27,0,1,21,30496
2027,28,0,1,22,30496
2028,29,0,1,23,30496
2029,30,0,1,24,30496
2030,31,0,1,25,30496
2031,32,0,1,26,30496
2032,33,0,1,27,30496
2033,34,0,1,28,30496
2034,35,0,1,29,30496
2035,36,0,1,30,30496
2036,37,0,1,31,30496
2037,38,0,1,32,30496
2038,39,0,1,33,30496
2039,40,0,1,34,30496
2040,41,0,1,35,30496
2041,42,0,1,36,30496
2042,43,0,1,37,30496
2043,44,0,1,38,30496
2044,45,0,1,39,30496
2045,46,0,1,40,30496
2046,47,0,1,41,30496
2047,48,0,1,42,30496
2048,49,0,1,43,30496
2049,50,0,1,44,30496
2050,51,0,1,45,30496
2051,52,0,1,46,30496
2052,53,0,0,46,30496
2053,54,0,0,46,30496
2054,55,0,0,46,30496
2055,56,1,1,47,30496
2056,57,0,0,47,30496
2057,58,0,0,47,30496
2058,59,1,1,48,30496
2059,60,1,1,49,30496
2060,61,1,1,50,30496
2061,62,1,1,51,30496
2062,63,1,1,52,30496
2063,64,1,1,53,30496
2064,65,1,1,54,30496
2065,66,1,1,55,30496
2066,67,1,1,56,30496
2067,68,1,1,57,30496
2068,69,1,1,58,30496
2069,70,1,1,59,30496
2070,71,1,1,60,30496
2071,72,1,1,61,30496
2072,73,1,1,62,30496
2073,74,1,1,63,30496
2074,75,1,1,64,30496
2075,76,1,1,65,30496
2076,77,1,1,66,30496
2077,78,1,1,67,30496
2078,79,1,1,68,30496
2079,80,1,1,69,30496
2080,81,1,1,70,30496
2081,82,1,1,71,30496
2082,83,1,1,72,30496
2083,84,1,1,73,30496
2084,85,1,1,74,30496
2085,86,1,1,75,30496
2086,87,1,1,76,30496
2087,88,1,1,77,30496
2088,89,1,0,77,30496
2089,90,1,1,78,30496
2090,91,1,1,79,30496
2091,92,1,1,80,30496
2092,93,1,1,81,30496
2093,94,1,1,82,30496
2094,95,1,1,83,30496
2095,96,1,1,84,30496
2096,97,1,1,85,30496
2097,98,1,1,86,30496
2098,99,1,1,87,30496
2099,100,1,1,88,30496
2100,1,1,1,1,66238
2101,2,1,0,1,66238
2102,3,1,0,1,66238
2103,4,0,0,1,66238
2104,5,0,1,2,66238
2105,6,1,0,2,66238
2106,7,0,1,3,66238
2107,8,0,1,4,66238
2108,9,0,1,5,66238
2109,10,0,0,5,66238
2110,11,1,1,6,66238
2111,12,1,1,7,66238
2112,13,1,0,7,66238
2113,14,0,1,8,66238
2114,15,0,1,9,66238
2115,16,0,1,10,66238
2116,17,0,1,11,66238
2117,18,0,1,12,66238
2118,19,0,1,13,66238
2119,20,1,0,13,66238
2120,21,0,1,14,66238
2121,22,1,0,14,66238
2122,23,0,1,15,66238
2123,24,0,1,16,66238
2124,25,0,1,17,66238
2125,26,0,1,18,66238
2126,27,0,1,19,66238
2127,28,1,0,19,66238
2128,29,0,1,20,66238
2129,30,0,1,21,66238
2130,31,0,1,22,66238
2131,32,0,1,23,66238
2132,33,0,1,24,66238
2133,34,0,1,25,66238
2134,35,0,1,26,66238
2135,36,0,1,27,66238
2136,37,0,1,28,66238
2137,38,0,1,29,66238
2138,39,0,1,30,66238
2139,40,0,1,31,66238
2140,41,0,1,32,66238
2141,42,0,1,33,66238
2142,43,0,1,34,66238
2143,44,0,1,35,66238
2144,45,0,1,36,66238
2145,46,0,1,37,66238
2146,47,0,1,38,66238
2147,48,0,1,39,66238
2148,49,0,1,40,66238
2149,50,0,1,41,66238
2150,51,0,1,42,66238
2151,52,0,1,43,66238
2152,53,0,0,43,66238
2153,54,0,0,43,66238
2154,55,0,0,43,66238
2155,56,0,0,43,66238
2156,57,0,0,43,66238
2157,58,0,0,43,66238
2158,59,1,1,44,66238
2159,60,1,1,45,66238
2160,61,1,1,46,66238
2161,62,1,1,47,66238
2162,63,1,1,48,66238
2163,64,1,1,49,66238
2164,65,1,1,50,66238
2165,66,1,1,51,66238
2166,67,1,1,52,66238
2167,68,1,1,53,66238
2168,69,1,1,54,66238
2169,70,1,1,55,66238
2170,71,1,1,56,66238
2171,72,1,1,57,66238
2172,73,1,1,58,66238
2173,74,1,1,59,66238
2174,75,1,1,60,66238
2175,76,1,1,61,66238
2176,77,1,1,62,66238
2177,78,1,1,63,66238
2178,79,1,1,64,66238
2179,80,1,1,65,66238
2180,81,1,1,66,66238
2181,82,1,1,67,66238
2182,83,1,1,68,66238
2183,84,1,1,69,66238
2184,85,1,1,70,66238
2185,86,1,1,71,66238
2186,87,1,1,72,66238
2187,88,1,1,73,66238
2188,89,1,0,73,66238
2189,90,1,1,74,66238
2190,91,1,1,75,66238
2191,92,1,1,76,66238
2192,93,1,1,77,66238
2193,94,1,1,78,66238
2194,95,1,1,79,66238
2195,96,1,1,80,66238
2196,97,1,1,81,66238
2197,98,1,1,82,66238
2198,99,1,1,83,66238
2199,100,1,1,84,66238
2200,1,0,1,1,78908
2201,2,0,1,2,78908
2202,3,0,1,3,78908
2203,4,0,0,3,78908
2204,5,0,1,4,78908
2205,6,1,0,4,78908
2206,7,0,1,5,78908
2207,8,1,0,5,78908
2208,9,0,1,6,78908
2209,10,0,0,6,78908
2210,11,0,1,7,78908
2211,12,0,1,8,78908
2212,13,0,1,9,78908
2213,14,1,0,9,78908
2214,15,0,1,10,78908
2215,16,0,1,11,78908
2216,17,0,1,12,78908
2217,18,0,1,13,78908
2218,19,0,1,14,78908
2219,20,0,1,15,78908
2220,21,0,1,16,78908
2221,22,1,0,16,78908
2222,23,0,1,17,78908
2223,24,0,1,18,78908
2224,25,0,1,19,78908
2225,26,0,1,20,78908
2226,27,0,1,21,78908
2227,28,0,1,22,78908
2228,29,0,1,23,78908
2229,30,0,1,24,78908
2230,31,0,1,25,78908
2231,32,0,1,26,78908
2232,33,0,1,27,78908
2233,34,0,1,28,78908
2234,35,0,1,29,78908
2235,36,0,1,30,78908
2236,37,0,1,31,78908
2237,38,1,0,31,78908
2238,39,0,1,32,78908
2239,40,0,1,33,78908
2240,41,0,1,34,78908
2241,42,0,1,35,78908
2242,43,0,1,36,78908
2243,44,0,1,37,78908
2244,45,0,1,38,78908
2245,46,0,1,39,78908
2246,47,0,1,40,78908
2247,48,0,1,41,78908
2248,49,0,1,42,78908
2249,50,0,1,43,78908
2250,51,0,1,44,78908
2251,52,0,1,45,78908
2252,53,0,0,45,78908
2253,54,1,1,46,78908
2254,55,1,1,47,78908
2255,56,0,0,47,78908
2256,57,0,0,47,78908
2257,58,0,0,47,78908
2258,59,1,1,48,78908
2259,60,1,1,49,78908
2260,61,1,1,50,78908
2261,62,1,1,51,78908
2262,63,1,1,52,78908
2263,64,1,1,53,78908
2264,65,1,1,54,78908
2265,66,1,1,55,78908
2266,67,1,1,56,78908
2267,68,1,1,57,78908
2268,69,1,1,58,78908
2269,70,1,1,59,78908
2270,71,1,1,60,78908
2271,72,1,1,61,78908
2272,73,1,1,62,78908
2273,74,1,1,63,78908
2274,75,1,1,64,78908
2275,76,1,1,65,78908
2276,77,1,1,66,78908
2277,78,0,0,66,78908
2278,79,1,1,67,78908
2279,80,1,1,68,78908
2280,81,1,1,69,78908
2281,82,1,1,70,78908
2282,83,1,1,71,78908
2283,84,1,1,72,78908
2284,85,0,1,73,78908
2285,86,1,1,74,78908
2286,87,1,1,75,78908
2287,88,1,1,76,78908
2288,89,0,1,77,78908
2289,90,1,1,78,78908
2290,91,1,1,79,78908
2291,92,1,1,80,78908
2292,93,1,1,81,78908
2293,94,1,1,82,78908
2294,95,1,1,83,78908
2295,96,1,1,84,78908
2296,97,1,1,85,78908
2297,98,0,0,85,78908
2298,99,1,1,86,78908
2299,100,1,1,87,78908
2300,1,1,1,1,3479
2301,2,1,0,1,3479
2302,3,0,1,2,3479
2303,4,0,0,2,3479
2304,5,0,1,3,3479
2305,6,0,1,4,3479
2306,7,1,1,5,3479
2307,8,0,1,6,3479
2308,9,0,1,7,3479
2309,10,1,1,8,3479
2310,11,0,1,9,3479
2311,12,0,1,10,3479
2312,13,0,1,11,3479
2313,14,0,1,12,3479
2314,15,0,1,13,3479
2315,16,0,1,14,3479
2316,17,0,1,15,3479
2317,18,0,1,16,3479
2318,19,0,1,17,3479
2319,20,0,1,18,3479
2320,21,0,1,19,3479
2321,22,1,0,19,3479
2322,23,0,1,20,3479
2323,24,0,1,21,3479
2324,25,1,0,21,3479
2325,26,0,1,22,3479
2326,27,0,1,23,3479
2327,28,0,1,24,3479
2328,29,0,1,25,3479
2329,30,0,1,26,3479
2330,31,0,1,27,3479
2331,32,0,1,28,3479
2332,33,0,1,29,3479
2333,34,0,1,30,3479
2334,35,0,1,31,3479
2335,36,0,1,32,3479
2336,37,0,1,33,3479
2337,38,1,0,33,3479
2338,39,0,1,34,3479
2339,40,0,1,35,3479
2340,41,0,1,36,3479
2341,42,0,1,37,3479
2342,43,0,1,38,3479
2343,44,0,1,39,3479
2344,45,0,1,40,3479
2345,46,0,1,41,3479
2346,47,0,1,42,3479
2347,48,0,1,43,3479
2348,49,0,1,44,3479
2349,50,0,1,45,3479
2350,51,0,1,46,3479
2351,52,0,1,47,3479
2352,53,0,0,47,3479
2353,54,0,0,47,3479
2354,55,0,0,47,3479
2355,56,0,0,47,3479
2356,57,0,0,47,3479
2357,58,1,1,48,3479
2358,59,1,1,49,3479
2359,60,0,1,50,3479
2360,61,0,0,50,3479
2361,62,1,1,51,3479
2362,63,1,1,52,3479
2363,64,1,1,53,3479
2364,65,1,1,54,3479
2365,66,0,0,54,3479
2366,67,1,1,55,3479
2367,68,1,1,56,3479
2368,69,1,1,57,3479
2369,70,1,1,58,3479
2370,71,0,0,58,3479
2371,72,1,1,59,3479
2372,73,1,1,60,3479
2373,74,1,1,61,3479
2374,75,1,1,62,3479
2375,76,1,1,63,3479
2376,77,1,1,64,3479
2377,78,1,1,65,3479
2378,79,1,1,66,3479
2379,80,1,1,67,3479
2380,81,1,1,68,3479
2381,82,1,1,69,3479
2382,83,1,1,70,3479
2383,84,0,0,70,3479
2384,85,1,1,71,3479
2385,86,0,0,71,3479
2386,87,1,1,72,3479
2387,88,1,1,73,3479
2388,89,1,0,73,3479
2389,90,1,1,74,3479
2390,91,1,1,75,3479
2391,92,1,1,76,3479
2392,93,1,1,77,3479
2393,94,1,1,78,3479
2394,95,0,0,78,3479
2395,96,1,1,79,3479
2396,97,1,1,80,3479
2397,98,1,1,81,3479
2398,99,1,1,82,3479
2399,100,1,1,83,3479
2400,1,0,1,1,73564
2401,2,0,1,2,73564
2402,3,0,1,3,73564
2403,4,0,0,3,73564
2404,5,0,1,4,73564
2405,6,0,1,5,73564
2406,7,1,1,6,73564
2407,8,1,0,6,73564
2408,9,0,1,7,73564
2409,10,0,0,7,73564
2410,11,0,1,8,73564
2411,12,1,1,9,73564
2412,13,1,0,9,73564
2413,14,1,0,9,73564
2414,15,0,1,10,73564
2415,16,0,1,11,73564
2416,17,0,1,12,73564
2417,18,0,1,13,73564
2418,19,0,1,14,73564
2419,20,0,1,15,73564
2420,21,0,1,16,73564
2421,22,0,1,17,73564
2422,23,0,1,18,73564
2423,24,0,1,19,73564
2424,25,0,1,20,73564
2425,26,0,1,21,73564
2426,27,0,1,22,73564
2427,28,0,1,23,73564
2428,29,0,1,24,73564
2429,30,0,1,25,73564
2430,31,0,1,26,73564
2431,32,0,1,27,73564
2432,33,0,1,28,73564
2433,34,0,1,29,73564
2434,35,0,1,30,73564
2435,36,0,1,31,73564
2436,37,0,1,32,73564
2437,38,0,1,33,73564
2438,39,0,1,34,73564
2439,40,0,1,35,73564
2440,41,0,1,36,73564
2441,42,0,1,37,73564
2442,43,0,1,38,73564
2443,44,0,1,39,73564
2444,45,1,1,40,73564
2445,46,0,1,41,73564
2446,47,0,1,42,73564
2447,48,0,1,43,73564
2448,49,0,1,44,73564
2449,50,0,1,45,73564
2450,51,0,1,46,73564
2451,52,0,1,47,73564
2452,53,0,0,47,73564
2453,54,0,0,47,73564
2454,55,0,0,47,73564
2455,56,1,1,48,73564
2456,57,0,0,48,73564
2457,58,1,1,49,73564
2458,59,1,1,50,73564
2459,60,0,1,51,73564
2460,61,0,0,51,73564
2461,62,1,1,52,73564
2462,63,1,1,53,73564
2463,64,1,1,54,73564
2464,65,1,1,55,73564
2465,66,1,1,56,73564
2466,67,0,0,56,73564
2467,68,1,1,57,73564
2468,69,1,1,58,73564
2469,70,1,1,59,73564
2470,71,1,1,60,73564
2471,72,1,1,61,73564
2472,73,1,1,62,73564
2473,74,1,1,63,73564
2474,75,1,1,64,73564
2475,76,1,1,65,73564
2476,77,1,1,66,73564
2477,78,1,1,67,73564
2478,79,1,1,68,73564
2479,80,1,1,69,73564
2480,81,1,1,70,73564
2481,82,1,1,71,73564
2482,83,1,1,72,73564
2483,84,1,1,73,73564
2484,85,1,1,74,73564
2485,86,1,1,75,73564
2486,87,1,1,76,73564
2487,88,1,1,77,73564
2488,89,1,0,77,73564
2489,90,1,1,78,73564
2490,91,1,1,79,73564
2491,92,1,1,80,73564
2492,93,1,1,81,73564
2493,94,1,1,82,73564
2494,95,1,1,83,73564
2495,96,1,1,84,73564
2496,97,1,1,85,73564
2497,98,1,1,86,73564
2498,99,1,1,87,73564
2499,100,1,1,88,73564
2500,1,0,1,1,26063
2501,2,0,1,2,26063
2502,3,1,0,2,26063
2503,4,0,0,2,26063
2504,5,0,1,3,26063
2505,6,0,1,4,26063
2506,7,0,1,5,26063
2507,8,0,1,6,26063
2508,9,0,1,7,26063
2509,10,1,1,8,26063
2510,11,1,1,9,26063
2511,12,0,1,10,26063
2512,13,0,1,11,26063
2513,14,0,1,12,26063
2514,15,1,1,13,26063
2515,16,0,1,14,26063
2516,17,0,1,15,26063
2517,18,0,1,16,26063
2518,19,0,1,17,26063
2519,20,0,1,18,26063
2520,21,0,1,19,26063
2521,22,0,1,20,26063
2522,23,0,1,21,26063
2523,24,0,1,22,26063
2524,25,0,1,23,26063
2525,26,0,1,24,26063
2526,27,0,1,25,26063
2527,28,0,1,26,26063
2528,29,0,1,27,26063
2529,30,0,1,28,26063
2530,31,0,1,29,26063
2531,32,0,1,30,26063
2532,33,0,1,31,26063
2533,34,0,1,32,26063
2534,35,0,1,33,26063
2535,36,0,1,34,26063
2536,37,1,0,34,26063
2537,38,0,1,35,26063
2538,39,0,1,36,26063
2539,40,0,1,37,26063
2540,41,0,1,38,26063
2541,42,0,1,39,26063
2542,43,0,1,40,26063
2543,44,0,1,41,26063
2544,45,0,1,42,26063
2545,46,0,1,43,26063
2546,47,0,1,44,26063
2547,48,0,1,45,26063
2548,49,0,1,46,26063
2549,50,0,1,47,26063
2550,51,0,1,48,26063
2551,52,0,1,49,26063
2552,53,0,0,49,26063
2553,54,0,0,49,26063
2554,55,1,1,50,26063
2555,56,1,1,51,26063
2556,57,1,1,52,26063
2557,58,0,0,52,26063
2558,59,1,1,53,26063
2559,60,1,1,54,26063
2560,61,1,1,55,26063
2561,62,1,1,56,26063
2562,63,1,1,57,26063
2563,64,1,1,58,26063
2564,65,1,1,59,26063
2565,66,1,1,60,26063
2566,67,0,0,60,26063
2567,68,1,1,61,26063
2568,69,1,1,62,26063
2569,70,1,1,63,26063
2570,71,1,1,64,26063
2571,72,1,1,65,26063
2572,73,1,1,66,26063
2573,74,1,1,67,26063
2574,75,1,1,68,26063
2575,76,1,1,69,26063
2576,77,1,1,70,26063
2577,78,0,0,70,26063
2578,79,1,1,71,26063
2579,80,1,1,72,26063
2580,81,1,1,73,26063
2581,82,1,1,74,26063
2582,83,1,1,75,26063
2583,84,1,1,76,26063
2584,85,1,1,77,26063
2585,86,1,1,78,26063
2586,87,1,1,79,26063
2587,88,1,1,80,26063
2588,89,1,0,80,26063
2589,90,0,1,81,26063
2590,91,1,1,82,26063
2591,92,1,1,83,26063
2592,93,1,1,84,26063
2593,94,0,0,84,26063
2594,95,0,0,84,26063
2595,96,1,1,85,26063
2596,97,1,1,86,26063
2597,98,1,1,87,26063
2598,99,1,1,88,26063
2599,100,1,1,89,26063
2600,1,1,1,1,93851
2601,2,1,0,1,93851
2602,3,1,0,1,93851
2603,4,0,0,1,93851
2604,5,1,1,2,93851
2605,6,0,1,3,93851
2606,7,1,1,4,93851
2607,8,1,0,4,93851
2608,9,1,0,4,93851
2609,10,1,1,5,93851
2610,11,0,1,6,93851
2611,12,0,1,7,93851
2612,13,0,1,8,93851
2613,14,0,1,9,93851
2614,15,0,1,10,93851
2615,16,1,0,10,93851
2616,17,0,1,11,93851
2617,18,0,1,12,93851
2618,19,0,1,13,93851
2619,20,0,1,14,93851
2620,21,0,1,15,93851
2621,22,0,1,16,93851
2622,23,0,1,17,93851
2623,24,0,1,18,93851
2624,25,0,1,19,93851
2625,26,0,1,20,93851
2626,27,0,1,21,93851
2627,28,0,1,22,93851
2628,29,0,1,23,93851
2629,30,0,1,24,93851
2630,31,0,1,25,93851
2631,32,0,1,26,93851
2632,33,0,1,27,93851
2633,34,0,1,28,93851
2634,35,0,1,29,93851
2635,36,0,1,30,93851
2636,37,0,1,31,93851
2637,38,0,1,32,93851
2638,39,0,1,33,93851
2639,40,0,1,34,93851
2640,41,0,1,35,93851
2641,42,0,1,36,93851
2642,43,0,1,37,93851
2643,44,0,1,38,93851
2644,45,0,1,39,93851
2645,46,0,1,40,93851
2646,47,0,1,41,93851
2647,48,0,1,42,93851
2648,49,0,1,43,93851
2649,50,0,1,44,93851
2650,51,0,1,45,93851
2651,52,0,1,46,93851
2652,53,0,0,46,93851
2653,54,0,0,46,93851
2654,55,0,0,46,93851
2655,56,0,0,46,93851
2656,57,0,0,46,93851
2657,58,0,0,46,93851
2658,59,0,0,46,93851
2659,60,1,1,47,93851
2660,61,1,1,48,93851
2661,62,1,1,49,93851
2662,63,1,1,50,93851
2663,64,1,1,51,93851
2664,65,1,1,52,93851
2665,66,1,1,53,93851
2666,67,1,1,54,93851
2667,68,1,1,55,93851
2668,69,1,1,56,93851
2669,70,1,1,57,93851
2670,71,1,1,58,93851
2671,72,1,1,59,93851
2672,73,1,1,60,93851
2673,74,1,1,61,93851
2674,75,1,1,62,93851
2675,76,1,1,63,93851
2676,77,1,1,64,93851
2677,78,1,1,65,93851
2678,79,1,1,66,93851
2679,80,1,1,67,93851
2680,81,1,1,68,93851
2681,82,1,1,69,93851
2682,83,1,1,70,93851
2683,84,1,1,71,93851
2684,85,1,1,72,93851
2685,86,1,1,73,93851
2686,87,1,1,74,93851
2687,88,1,1,75,93851
2688,89,1,0,75,93851
2689,90,1,1,76,93851
2690,91,1,1,77,93851
2691,92,1,1,78,93851
2692,93,1,1,79,93851
2693,94,1,1,80,93851
2694,95,1,1,81,93851
2695,96,1,1,82,93851
2696,97,1,1,83,93851
2697,98,1,1,84,93851
2698,99,1,1,85,93851
2699,100,1,1,86,93851
2700,1,1,1,1,85182
2701,2,0,1,2,85182
2702,3,1,0,2,85182
2703,4,0,0,2,85182
2704,5,1,1,3,85182
2705,6,1,0,3,85182
2706,7,0,1,4,85182
2707,8,0,1,5,85182
2708,9,0,1,6,85182
2709,10,0,0,6,85182
2710,11,0,1,7,85182
2711,12,0,1,8,85182
2712,13,0,1,9,85182
2713,14,0,1,10,85182
2714,15,0,1,11,85182
2715,16,0,1,12,85182
2716,17,1,0,12,85182
2717,18,0,1,13,85182
2718,19,0,1,14,85182
2719,20,0,1,15,85182
2720,21,0,1,16,85182
2721,22,0,1,17,85182
2722,23,0,1,18,85182
2723,24,0,1,19,85182
2724,25,0,1,20,85182
2725,26,0,1,21,85182
2726,27,0,1,22,85182
2727,28,0,1,23,85182
2728,29,0,1,24,85182
2729,30,0,1,25,85182
2730,31,0,1,26,85182
2731,32,0,1,27,85182
2732,33,0,1,28,85182
2733,34,0,1,29,85182
2734,35,0,1,30,85182
2735,36,0,1,31,85182
2736,37,0,1,32,85182
2737,38,0,1,33,85182
2738,39,0,1,34,85182
2739,40,0,1,35,85182
2740,41,0,1,36,85182
2741,42,0,1,37,85182
2742,43,0,1,38,85182
2743,44,0,1,39,85182
2744,45,0,1,40,85182
2745,46,0,1,41,85182
2746,47,0,1,42,85182
2747,48,0,1,43,85182
2748,49,0,1,44,85182
2749,50,0,1,45,85182
2750,51,0,1,46,85182
2751,52,0,1,47,85182
2752,53,0,0,47,85182
2753,54,0,0,47,85182
2754,55,0,0,47,85182
2755,56,1,1,48,85182
2756,57,1,1,49,85182
2757,58,0,0,49,85182
2758,59,1,1,50,85182
2759,60,0,1,51,85182
2760,61,1,1,52,85182
2761,62,1,1,53,85182
2762,63,1,1,54,85182
2763,64,1,1,55,85182
2764,65,0,0,55,85182
2765,66,1,1,56,85182
2766,67,1,1,57,85182
2767,68,1,1,58,85182
2768,69,1,1,59,85182
2769,70,1,1,60,85182
2770,71,1,1,61,85182
2771,72,1,1,62,85182
2772,73,1,1,63,85182
2773,74,1,1,64,85182
2774,75,0,0,64,85182
2775,76,1,1,65,85182
2776,77,1,1,66,85182
2777,78,1,1,67,85182
2778,79,1,1,68,85182
2779,80,1,1,69,85182
2780,81,1,1,70,85182
2781,82,1,1,71,85182
2782,83,1,1,72,85182
2783,84,1,1,73,85182
2784,85,1,1,74,85182
2785,86,1,1,75,85182
2786,87,1,1,76,85182
2787,88,1,1,77,85182
2788,89,1,0,77,85182
2789,90,1,1,78,85182
2790,91,1,1,79,85182
2791,92,1,1,80,85182
2792,93,1,1,81,85182
2793,94,1,1,82,85182
2794,95,1,1,83,85182
2795,96,1,1,84,85182
2796,97,1,1,85,85182
2797,98,0,0,85,85182
2798,99,1,1,86,85182
2799,100,1,1,87,85182
2800,1,1,1,1,91925
2801,2,0,1,2,91925
2802,3,1,0,2,91925
2803,4,1,1,3,91925
2804,5,1,1,4,91925
2805,6,1,0,4,91925
2806,7,0,1,5,91925
2807,8,1,0,5,91925
2808,9,1,0,5,91925
2809,10,1,1,6,91925
2810,11,0,1,7,91925
2811,12,0,1,8,91925
2812,13,0,1,9,91925
2813,14,0,1,10,91925
2814,15,0,1,11,91925
2815,16,1,0,11,91925
2816,17,0,1,12,91925
2817,18,0,1,13,91925
2818,19,1,0,13,91925
2819,20,0,1,14,91925
2820,21,0,1,15,91925
2821,22,0,1,16,91925
2822,23,0,1,17,91925
2823,24,0,1,18,91925
2824,25,0,1,19,91925
2825,26,0,1,20,91925
2826,27,0,1,21,91925
2827,28,0,1,22,91925
2828,29,0,1,23,91925
2829,30,0,1,24,91925
2830,31,0,1,25,91925
2831,32,0,1,26,91925
2832,33,0,1,27,91925
2833,34,0,1,28,91925
2834,35,0,1,29,91925
2835,36,0,1,30,91925
2836,37,0,1,31,91925
2837,38,0,1,32,91925
2838,39,0,1,33,91925
2839,40,0,1,34,91925
2840,41,0,1,35,91925
2841,42,0,1,36,91925
2842,43,0,1,37,91925
2843,44,0,1,38,91925
2844,45,0,1,39,91925
2845,46,0,1,40,91925
2846,47,0,1,41,91925
2847,48,0,1,42,91925
2848,49,0,1,43,91925
2849,50,0,1,44,91925
2850,51,0,1,45,91925
2851,52,1,1,46,91925
2852,53,0,0,46,91925
2853,54,0,0,46,91925
2854,55,0,0,46,91925
2855,56,0,0,46,91925
2856,57,1,1,47,91925
2857,58,0,0,47,91925
2858,59,1,1,48,91925
2859,60,1,1,49,91925
2860,61,1,1,50,91925
2861,62,1,1,51,91925
2862,63,1,1,52,91925
2863,64,1,1,53,91925
2864,65,1,1,54,91925
2865,66,1,1,55,91925
2866,67,1,1,56,91925
2867,68,1,1,57,91925
2868,69,1,1,58,91925
2869,70,1,1,59,91925
2870,71,1,1,60,91925
2871,72,1,1,61,91925
2872,73,1,1,62,91925
2873,74,1,1,63,91925
2874,75,1,1,64,91925
2875,76,1,1,65,91925
2876,77,1,1,66,91925
2877,78,1,1,67,91925
2878,79,1,1,68,91925
2879,80,1,1,69,91925
2880,81,1,1,70,91925
2881,82,1,1,71,91925
2882,83,1,1,72,91925
2883,84,1,1,73,91925
2884,85,1,1,74,91925
2885,86,1,1,75,91925
2886,87,1,1,76,91925
2887,88,1,1,77,91925
2888,89,1,0,77,91925
2889,90,1,1,78,91925
2890,91,1,1,79,91925
2891,92,0,0,79,91925
2892,93,1,1,80,91925
2893,94,1,1,81,91925
2894,95,1,1,82,91925
2895,96,1,1,83,91925
2896,97,1,1,84,91925
2897,98,1,1,85,91925
2898,99,1,1,86,91925
2899,100,1,1,87,91925
2900,1,1,1,1,71427
2901,2,1,0,1,71427
2902,3,0,1,2,71427
2903,4,0,0,2,71427
2904,5,1,1,3,71427
2905,6,0,1,4,71427
2906,7,0,1,5,71427
2907,8,0,1,6,71427
2908,9,0,1,7,71427
2909,10,0,0,7,71427
2910,11,0,1,8,71427
2911,12,1,1,9,71427
2912,13,1,0,9,71427
2913,14,0,1,10,71427
2914,15,0,1,11,71427
2915,16,0,1,12,71427
2916,17,0,1,13,71427
2917,18,0,1,14,71427
2918,19,1,0,14,71427
2919,20,0,1,15,71427
2920,21,1,0,15,71427
2921,22,0,1,16,71427
2922,23,0,1,17,71427
2923,24,0,1,18,71427
2924,25,0,1,19,71427
2925,26,0,1,20,71427
2926,27,0,1,21,71427
2927,28,0,1,22,71427
2928,29,0,1,23,71427
2929,30,0,1,24,71427
2930,31,0,1,25,71427
2931,32,0,1,26,71427
2932,33,0,1,27,71427
2933,34,0,1,28,71427
2934,35,0,1,29,71427
2935,36,0,1,30,71427
2936,37,0,1,31,71427
2937,38,0,1,32,71427
2938,39,0,1,33,71427
2939,40,0,1,34,71427
2940,41,0,1,35,71427
2941,42,0,1,36,71427
2942,43,0,1,37,71427
2943,44,0,1,38,71427
2944,45,1,1,39,71427
2945,46,0,1,40,71427
2946,47,0,1,41,71427
2947,48,1,0,41,71427
2948,49,0,1,42,71427
2949,50,0,1,43,71427
2950,51,0,1,44,71427
2951,52,0,1,45,71427
2952,53,0,0,45,71427
2953,54,0,0,45,71427
2954,55,0,0,45,71427
2955,56,0,0,45,71427
2956,57,0,0,45,71427
2957,58,1,1,46,71427
2958,59,1,1,47,71427
2959,60,1,1,48,71427
2960,61,1,1,49,71427
2961,62,1,1,50,71427
2962,63,1,1,51,71427
2963,64,1,1,52,71427
2964,65,1,1,53,71427
2965,66,1,1,54,71427
2966,67,1,1,55,71427
2967,68,1,1,56,71427
2968,69,1,1,57,71427
2969,70,1,1,58,71427
2970,71,1,1,59,71427
2971,72,1,1,60,71427
2972,73,1,1,61,71427
2973,74,1,1,62,71427
2974,75,1,1,63,71427
2975,76,1,1,64,71427
2976,77,1,1,65,71427
2977,78,1,1,66,71427
2978,79,1,1,67,71427
2979,80,1,1,68,71427
2980,81,1,1,69,71427
2981,82,1,1,70,71427
2982,83,1,1,71,71427
2983,84,1,1,72,71427
2984,85,1,1,73,71427
2985,86,1,1,74,71427
2986,87,1,1,75,71427
2987,88,1,1,76,71427
2988,89,1,0,76,71427
2989,90,1,1,77,71427
2990,91,1,1,78,71427
2991,92,0,0,78,71427
2992,93,1,1,79,71427
2993,94,1,1,80,71427
2994,95,1,1,81,71427
2995,96,1,1,82,71427
2996,97,1,1,83,71427
2997,98,1,1,84,71427
2998,99,1,1,85,71427
2999,100,1,1,86,71427
3000,1,1,1,1,54988
3001,2,0,1,2,54988
3002,3,1,0,2,54988
3003,4,1,1,3,54988
3004,5,1,1,4,54988
3005,6,0,1,5,54988
3006,7,1,1,6,54988
3007,8,0,1,7,54988
3008,9,0,1,8,54988
3009,10,1,1,9,54988
3010,11,0,1,10,54988
3011,12,0,1,11,54988
3012,13,1,0,11,54988
3013,14,0,1,12,54988
3014,15,0,1,13,54988
3015,16,0,1,14,54988
3016,17,0,1,15,54988
3017,18,0,1,16,54988
3018,19,1,0,16,54988
3019,20,0,1,17,54988
3020,21,0,1,18,54988
3021,22,0,1,19,54988
3022,23,0,1,20,54988
3023,24,0,1,21,54988
3024,25,0,1,22,54988
3025,26,0,1,23,54988
3026,27,0,1,24,54988
3027,28,1,0,24,54988
3028,29,0,1,25,54988
3029,30,0,1,26,54988
3030,31,0,1,27,54988
3031,32,0,1,28,54988
3032,33,0,1,29,54988
3033,34,0,1,30,54988
3034,35,0,1,31,54988
3035,36,1,0,31,54988
3036,37,0,1,32,54988
3037,38,0,1,33,54988
3038,39,0,1,34,54988
3039,40,0,1,35,54988
3040,41,0,1,36,54988
3041,42,0,1,37,54988
3042,43,0,1,38,54988
3043,44,0,1,39,54988
3044,45,0,1,40,54988
3045,46,0,1,41,54988
3046,47,0,1,42,54988
3047,48,0,1,43,54988
3048,49,0,1,44,54988
3049,50,0,1,45,54988
3050,51,0,1,46,54988
3051,52,0,1,47,54988
3052,53,0,0,47,54988
3053,54,0,0,47,54988
3054,55,0,0,47,54988
3055,56,1,1,48,54988
3056,57,1,1,49,54988
3057,58,1,1,50,54988
3058,59,1,1,51,54988
3059,60,0,1,52,54988
3060,61,1,1,53,54988
3061,62,1,1,54,54988
3062,63,1,1,55,54988
3063,64,1,1,56,54988
3064,65,1,1,57,54988
3065,66,1,1,58,54988
3066,67,1,1,59,54988
3067,68,1,1,60,54988
3068,69,1,1,61,54988
3069,70,1,1,62,54988
3070,71,1,1,63,54988
3071,72,1,1,64,54988
3072,73,1,1,65,54988
3073,74,1,1,66,54988
3074,75,0,0,66,54988
3075,76,1,1,67,54988
3076,77,1,1,68,54988
3077,78,1,1,69,54988
3078,79,1,1,70,54988
3079,80,1,1,71,54988
3080,81,1,1,72,54988
3081,82,1,1,73,54988
3082,83,1,1,74,54988
3083,84,1,1,75,54988
3084,85,1,1,76,54988
3085,86,1,1,77,54988
3086,87,1,1,78,54988
3087,88,1,1,79,54988
3088,89,1,0,79,54988
3089,90,1,1,80,54988
3090,91,1,1,81,54988
3091,92,1,1,82,54988
3092,93,1,1,83,54988
3093,94,1,1,84,54988
3094,95,1,1,85,54988
3095,96,1,1,86,54988
3096,97,1,1,87,54988
3097,98,1,1,88,54988
3098,99,1,1,89,54988
3099,100,0,1,90,54988
3100,1,0,1,1,28894
3101,2,0,1,2,28894
3102,3,1,0,2,28894
3103,4,1,1,3,28894
3104,5,1,1,4,28894
3105,6,0,1,5,28894
3106,7,1,1,6,28894
3107,8,1,0,6,28894
3108,9,0,1,7,28894
3109,10,0,0,7,28894
3110,11,0,1,8,28894
3111,12,0,1,9,28894
3112,13,0,1,10,28894
3113,14,1,0,10,28894
3114,15,1,1,11,28894
3115,16,1,0,11,28894
3116,17,0,1,12,28894
3117,18,0,1,13,28894
3118,19,0,1,14,28894
3119,20,0,1,15,28894
3120,21,0,1,16,28894
3121,22,0,1,17,28894
3122,23,0,1,18,28894
3123,24,0,1,19,28894
3124,25,0,1,20,28894
3125,26,0,1,21,28894
3126,27,0,1,22,28894
3127,28,0,1,23,28894
3128,29,0,1,24,28894
3129,30,0,1,25,28894
3130,31,0,1,26,28894
3131,32,0,1,27,28894
3132,33,0,1,28,28894
3133,34,0,1,29,28894
3134,35,0,1,30,28894
3135,36,0,1,31,28894
3136,37,0,1,32,28894
3137,38,0,1,33,28894
3138,39,0,1,34,28894
3139,40,0,1,35,28894
3140,41,0,1,36,28894
3141,42,0,1,37,28894
3142,43,0,1,38,28894
3143,44,0,1,39,28894
3144,45,1,1,40,28894
3145,46,0,1,41,28894
3146,47,0,1,42,28894
3147,48,0,1,43,28894
3148,49,0,1,44,28894
3149,50,0,1,45,28894
3150,51,0,1,46,28894
3151,52,0,1,47,28894
3152,53,0,0,47,28894
3153,54,1,1,48,28894
3154,55,0,0,48,28894
3155,56,0,0,48,28894
3156,57,0,0,48,28894
3157,58,0,0,48,28894
3158,59,1,1,49,28894
3159,60,1,1,50,28894
3160,61,1,1,51,28894
3161,62,1,1,52,28894
3162,63,1,1,53,28894
3163,64,1,1,54,28894
3164,65,1,1,55,28894
3165,66,1,1,56,28894
3166,67,1,1,57,28894
3167,68,0,0,57,28894
3168,69,1,1,58,28894
3169,70,1,1,59,28894
3170,71,1,1,60,28894
3171,72,1,1,61,28894
3172,73,1,1,62,28894
3173,74,1,1,63,28894
3174,75,1,1,64,28894
3175,76,1,1,65,28894
3176,77,1,1,66,28894
3177,78,1,1,67,28894
3178,79,1,1,68,28894
3179,80,1,1,69,28894
3180,81,0,0,69,28894
3181,82,1,1,70,28894
3182,83,1,1,71,28894
3183,84,1,1,72,28894
3184,85,1,1,73,28894
3185,86,1,1,74,28894
3186,87,1,1,75,28894
3187,88,1,1,76,28894
3188,89,1,0,76,28894
3189,90,1,1,77,28894
3190,91,1,1,78,28894
3191,92,1,1,79,28894
3192,93,1,1,80,28894
3193,94,1,1,81,28894
3194,95,1,1,82,28894
3195,96,1,1,83,28894
3196,97,1,1,84,28894
3197,98,1,1,85,28894
3198,99,1,1,86,28894
3199,100,1,1,87,28894
